"","logFC","AveExpr","t","P.Value","adj.P.Val","B","Gene"
"1",-1.74969978712159,6.91965035944659,-9.84570217449592,2.15853429170984e-05,0.00990767239894815,3.26991153690421,"Egr1"
"2",1.62175345271442,5.71561052542323,3.21073441717428,0.0145617295227133,0.267353354037016,-2.97035871961163,"Bcl6"
"3",-0.907029109895283,5.65450831292183,-4.99517047111165,0.00150981402560695,0.138600927550718,-0.68575149761279,"Il1b"
"4",-0.906080840960755,8.94019167338675,-7.38049279325166,0.000141731600692879,0.0325274023590158,1.60501228987603,"Dusp6"
"5",0.835788109662291,5.12628702165028,2.88319992107116,0.0231854551481589,0.30619585087407,-3.43731808524094,"Il2rb"
"6",0.761765209816928,9.08493806722645,1.11436831261527,0.301419870254883,0.716848292471458,-5.82938846226439,"Alas1"
"7",0.741532920004953,8.54509243057015,3.46921968301769,0.0101875949958275,0.222671719194516,-2.60991579155414,"Cxcl9"
"8",0.739302512753687,4.77766580190772,3.21992522819231,0.0143756997142983,0.267353354037016,-2.95740642453525,"Cxcl1"
"9",0.695088393787463,9.31613242910659,3.92328527041394,0.00556716861878116,0.182523599715754,-1.99883741605593,"H2-Ab1"
"10",0.670033368365399,10.119811576804,3.96954651822072,0.00524377083872385,0.182523599715754,-1.93832166836826,"H2-Aa"
"11",0.66210824000907,5.70856795574948,2.24614131636632,0.0590140353364951,0.423241284678926,-4.359001696196,"Saa1"
"12",0.662034894231021,5.79315877252159,2.71661827808983,0.0295102790950463,0.338630452615656,-3.67784812918269,"Gbp2b"
"13",0.655915679170295,7.61613409521296,2.58772258864567,0.0356290675220796,0.347529887342457,-3.86468793017379,"Tnfrsf1b"
"14",0.631930977079818,6.28219664025137,3.76343270204787,0.00686301690543056,0.198402757630075,-2.21049405252788,"Cxcl10"
"15",0.626922774992389,4.71367102671902,5.56151445800002,0.000809309693932945,0.123824383171741,-0.0671436459748369,"Ccl5"
"16",0.622506281982959,5.02176710616467,3.11655595615197,0.0166229331188692,0.293458703906192,-3.10360244599415,"Ccl2"
"17",-0.608377193183098,5.58550734688881,-2.22423791242005,0.0609644224043076,0.430502613593495,-4.39048089362496,"Cd207"
"18",0.602731542507379,5.65003704108597,4.30271314202575,0.00344022907569221,0.157906514574272,-1.51258119571417,"Vcam1"
"19",0.596002642310803,10.7643885758542,4.50144456412095,0.00269667252054798,0.152405793272034,-1.26722846735856,"Cd74"
"20",0.568968568516758,6.17001336662781,3.53798274441241,0.00927866894533046,0.212945452295334,-2.51547061422644,"Ptprc"
"21",0.56712053807882,7.23516143734848,2.01507377419315,0.0831673865687169,0.502272708035424,-4.68827622986755,"Ifi44"
"22",0.565920956541216,4.91036460266622,2.80339314884493,0.0260166409239406,0.30619585087407,-3.55237241185991,"Tlr2"
"23",0.541153853779353,4.43811460911525,1.88280907287346,0.101156849199678,0.518555457273358,-4.87292446060161,"Cfd"
"24",0.538690681244124,5.68815045099847,4.55505753522019,0.00252773566979206,0.152405793272034,-1.20215005023268,"Selplg"
"25",0.536444534044519,7.74063590280932,2.88899842579674,0.0229927922488321,0.30619585087407,-3.4289740307064,"H2-Eb1"
"26",0.529261478751731,4.7849534735104,3.66895075522917,0.00778050029921862,0.198402757630075,-2.33740804695818,"Gbp5"
"27",-0.5255528549692,7.48113161781706,-1.70456484727304,0.131449279492803,0.580146339299966,-5.1152447042889,"Cd9"
"28",0.52429394818787,5.57354330745848,5.03622821752471,0.00144096753268018,0.138600927550718,-0.639187898297741,"Itgb2"
"29",-0.520500228226635,4.47832718018773,-4.47136730312885,0.00279686256125189,0.152405793272034,-1.3039450340933,"Cxcl14"
"30",0.513791403833843,5.56850481545078,4.41704656334295,0.00298834888768694,0.152405793272034,-1.37063359615499,"Cmklr1"
"31",0.510465439086862,5.59580186401666,1.43239571163346,0.19455384997871,0.651826402483416,-5.46500582350989,"Il1rn"
"32",0.502436619422415,5.401744664576,4.05795561584381,0.00468125055139349,0.182523599715754,-1.8236100729595,"Cd274"
"33",0.483482142173577,6.22292727512318,2.48377929127427,0.041514611959266,0.371500758192085,-4.01547686590469,"Ifit2"
"34",0.481713899539283,5.27887461632028,2.26502635177359,0.0573830301781645,0.423241284678926,-4.33182678481419,"Sell"
"35",0.48083909093402,6.11854569854177,3.00935076398314,0.0193529318596525,0.30619585087407,-3.25634294341611,"Clec7a"
"36",0.474842893863197,4.6159879217478,2.62151678454622,0.0339071705809362,0.347529887342457,-3.81566920315263,"Fpr2"
"37",0.474555622371503,9.13262709128167,2.81571354129688,0.0255568876330519,0.30619585087407,-3.5345864851363,"Stat1"
"38",0.469740936698023,6.76275347805119,2.00704511073083,0.0841636392116516,0.502272708035424,-4.69957991790396,"Cdkn1a"
"39",0.464489916434772,5.17507771083377,1.87783310904856,0.101902930953953,0.518555457273358,-4.87979965504475,"Slc11a1"
"40",0.455103653353681,6.11294572058124,2.24649378098377,0.0589831700878032,0.423241284678926,-4.35849478930218,"H2-Dma"
"41",0.454335290741397,8.1720505295464,2.33862654348445,0.0514502082404888,0.421707956828292,-4.22566299768449,"Irgm2"
"42",0.45280819257253,11.1931913995774,2.35613464574567,0.0501330733911127,0.421707956828292,-4.20035784058758,"C9"
"43",0.449962776634488,6.30180942229837,2.58874884891587,0.0355754648742564,0.347529887342457,-3.86319914988189,"Fcgr1"
"44",0.449357425950275,5.2717365443372,2.60082260433805,0.0349510758694134,0.347529887342457,-3.84568466767348,"Cd37"
"45",0.446971952055017,4.31094881727785,2.29130981326535,0.0551886168879758,0.423241284678926,-4.29395823782736,"Cyfip2"
"46",0.446640300991254,6.47634731621993,3.21526421608078,0.0144697234282403,0.267353354037016,-2.96397386057923,"Rsad2"
"47",0.430949860285944,4.73930286534361,1.05133050722379,0.327570396866824,0.720084756080405,-5.89437686162136,"Cd34"
"48",0.427936576080586,7.6199824500023,2.95498097900177,0.020915531421802,0.30619585087407,-3.33419191385356,"C6"
"49",0.418475772729458,5.99251966884482,4.03597364808975,0.00481468194872832,0.182523599715754,-1.85201598602001,"Il1rap"
"50",0.414455966530784,13.3322633827018,3.72407501912027,0.0072301092079859,0.198402757630075,-2.2632011473902,"Ubc"
"51",0.412958730296159,7.54470486826657,2.00627947908286,0.0842592560320864,0.502272708035424,-4.70065727794156,"Isg15"
"52",0.409381273230852,6.79401120059398,1.9034770079228,0.0981143093696944,0.518555457273358,-4.84430817997967,"Marco"
"53",0.408111680731261,5.34792103123167,2.84730323390118,0.0244166041047727,0.30619585087407,-3.48902182686111,"Casp1"
"54",0.40802619097088,4.51126360807904,1.5831662882935,0.15680188624581,0.614044044221977,-5.27475310746418,"Angpt2"
"55",0.40467132822772,8.46769398237765,1.90396414418259,0.0980436814463273,0.518555457273358,-4.84363256134178,"Ifit3"
"56",0.39967766916424,6.16644298743287,1.65991181379651,0.140291650500797,0.599661433629497,-5.17450073138112,"Cxcl13"
"57",0.398735178824107,7.38320535017347,1.67871998858479,0.136501058334561,0.591075337505315,-5.14962066957341,"Psmb9"
"58",0.398675192777928,5.43891356819393,2.28018619740914,0.0561067716927077,0.423241284678926,-4.3099913100249,"Cd83"
"59",0.397670828188351,6.81212207275697,3.25966708949154,0.0136000205994001,0.267353354037016,-2.90150872234602,"Fcer1g"
"60",0.393462473963226,8.30376398707554,1.95380284060253,0.0910737330525264,0.518555457273358,-4.77424525120635,"Cfp"
"61",0.386498427457161,5.83373185875076,2.01011097202953,0.0837818253355858,0.502272708035424,-4.69526476004335,"Ccl24"
"62",-0.381011954997991,4.27796881874933,-1.89043901007856,0.100023120429378,0.518555457273358,-4.86237137844088,"Fos"
"63",0.377234305938629,9.32430004877962,2.60055607833312,0.0349647358730663,0.347529887342457,-3.84607128062954,"Ctss"
"64",-0.374389309548313,5.25613894834521,-1.93097749619524,0.0942036715976206,0.518555457273358,-4.80608748862932,"Vwf"
"65",0.373026627521971,7.97280972870106,0.779417426291321,0.460921741052151,0.819352591309464,-6.14113250866657,"Tfrc"
"66",0.372797881790597,7.01706683882122,2.06165556444595,0.0776127904310156,0.502272708035424,-4.62248120329716,"Ifit1"
"67",0.371707969670479,4.8121875605615,1.25841440021398,0.248045934553115,0.686496658612384,-5.67136424678571,"Mx2"
"68",0.370795930582057,7.12682114497612,2.29892619188014,0.0545687462773078,0.423241284678926,-4.28297513594939,"Fcgr4"
"69",0.370510021437005,8.46862454785436,2.85556900146609,0.0241271466902826,0.30619585087407,-3.47710907217998,"Il6ra"
"70",0.369579770349708,11.0377665369394,1.47258890318638,0.183757477112269,0.648805246111781,-5.41523222652729,"Ifi27"
"71",-0.366318420279576,6.54211612343796,-2.34042754180578,0.051313109337374,0.421707956828292,-4.22306073540974,"Notch1"
"72",0.359354967050413,4.63003143799306,1.57673898511189,0.158263428915421,0.614044044221977,-5.28305173345808,"Cd3d"
"73",0.357536820589395,10.2944228188849,2.82074370799173,0.0253716370918067,0.30619585087407,-3.52732722161735,"Abca1"
"74",0.355557434601072,8.63954813917132,3.67384661687752,0.00772982673923771,0.198402757630075,-2.33079933752243,"Ddx58"
"75",0.355272462968897,5.17885786993997,3.57745547918924,0.00879673372298671,0.212510567307942,-2.46154856461286,"Tlr4"
"76",0.354492393953651,6.33273022977233,2.28837000981702,0.0554297816338894,0.423241284678926,-4.29819642644374,"Abcg1"
"77",0.353954951022153,5.95195833392359,1.23369508778586,0.256594275499386,0.686496658612384,-5.69936808723037,"Cd180"
"78",0.349779350179263,5.91380606545165,2.48795622997967,0.0412597689853479,0.371500758192085,-4.00941916216892,"Irf8"
"79",0.349439658070094,6.34475979772889,2.20214803331559,0.0629971938060014,0.438116847832646,-4.42218223423398,"Oasl1"
"80",0.348355551974434,7.56098933082287,1.40222354975017,0.203028177833253,0.658377195696373,-5.50188175941913,"Zbp1"
"81",0.345027204165348,9.90921278885162,1.73769664164326,0.125231314132379,0.578316422848993,-5.07087180802154,"Cebpb"
"82",0.344876108791266,7.74136696385067,1.85086735572397,0.106039712493296,0.518555457273358,-4.91695716500745,"Tap1"
"83",0.343272338436877,7.14128731712141,1.17158811419208,0.279176547638841,0.695940287900932,-5.76813988749224,"Col1a1"
"84",0.33591635714095,7.03281818273281,2.68600920133654,0.0308567144185925,0.345444680930097,-3.72217980566965,"Creb1"
"85",0.333309854255636,8.73390466709068,1.18938559179104,0.27254152879565,0.694980898428908,-5.74867028930888,"Cdh1"
"86",0.333163446309575,6.51668881542173,1.4401563812244,0.192425900389747,0.651826402483416,-5.45545226240437,"Lyve1"
"87",0.326375492881984,6.3975906087165,2.574204363931,0.0363429947547667,0.347529887342457,-3.8842993234022,"Nlrc5"
"88",0.326280338170076,4.71181808498825,1.23182997555174,0.257249292551917,0.686496658612384,-5.70146673281653,"Plau"
"89",0.326100578647754,6.34645750027123,2.47448929487701,0.0420872318648985,0.371500758192085,-4.02894879008412,"Prkce"
"90",0.323234039379396,5.33472316516707,1.61017483125015,0.150795760760996,0.603557466437989,-5.23971253345562,"Pik3cd"
"91",0.322635152837643,7.83043972224327,2.27785598891345,0.0563010604736006,0.423241284678926,-4.31334878890864,"Cybb"
"92",0.319277618539578,4.50410683357777,1.38932384638236,0.206750389918417,0.658377195696373,-5.51751535155757,"Itga4"
"93",0.318820454027706,8.29344700020096,2.89796504331204,0.0226981767186118,0.30619585087407,-3.41607552153951,"Emr1"
"94",0.318742789873102,6.04691661139337,2.05841480111202,0.0779870578138033,0.502272708035424,-4.62706987414169,"Il17rb"
"95",0.316273947550471,7.5144827474812,2.94686677392578,0.0211599406331763,0.30619585087407,-3.34583042095336,"Cd68"
"96",0.315323189095629,5.37844041511979,1.23578926608301,0.255860497265297,0.686496658612384,-5.69700928508559,"Csf2rb"
"97",0.313813669254054,7.00093058571165,1.24062507554953,0.254172879929515,0.686496658612384,-5.69155270913018,"Xaf1"
"98",0.311156748714923,6.20963334985192,2.82933821305595,0.0250583729227873,0.30619585087407,-3.51492736850922,"Trp53"
"99",0.300520746531948,4.94969965115933,1.86906131660477,0.103231155732091,0.518555457273358,-4.89190556016806,"Tnfaip3"
"100",0.29797853452341,8.71482772170874,2.85052633820756,0.0243033030609858,0.30619585087407,-3.48437614291417,"Ifih1"
"101",-0.297406245212723,4.82513853992377,-1.26925023994488,0.244376032636444,0.686496658612384,-5.65897906002197,"Tlr3"
"102",0.296758234949337,6.65222543420594,1.05307601260084,0.326822679789676,0.720084756080405,-5.8926137714039,"Usp18"
"103",0.291040626253068,5.68004223827355,1.72683663174414,0.127238077222506,0.578316422848993,-5.08545318413441,"Syk"
"104",-0.289908873590903,7.19915636154124,-1.67901160418221,0.136443051093409,0.591075337505315,-5.14923399367056,"Tank"
"105",0.289592335889687,7.1877893255757,1.70547106920203,0.131275386280403,0.580146339299966,-5.11403550279582,"Col4a1"
"106",0.28588763810795,6.35709627413103,1.90820775653022,0.0974305057926301,0.518555457273358,-4.83774482568499,"Ddx60"
"107",-0.285019904687302,4.38937754398026,-1.29457149799335,0.235981390517111,0.686496658612384,-5.62978261965148,"Ppbp"
"108",0.284162833630189,6.68101792294001,1.40359836209536,0.202635005425812,0.658377195696373,-5.50021085179995,"Itgal"
"109",-0.28147483842896,7.2927393434648,-1.50011792646995,0.176678082865466,0.63996669633403,-5.38073042685113,"Mme"
"110",-0.279763130738139,5.42266211045939,-1.61789915388402,0.149117720520679,0.603557466437989,-5.22964203670437,"H2-M3"
"111",0.278986294282579,5.99030153255907,2.65782354152089,0.0321531807878066,0.347529887342457,-3.76302638380143,"Traf3"
"112",0.271978585827521,5.08406404700221,2.53290811239447,0.0386169719597557,0.361738574071997,-3.94421251996625,"Il10ra"
"113",0.26984246678423,5.35720462904985,0.797941626665929,0.450765792776112,0.819352591309464,-6.12620268806819,"H2-Q1"
"114",0.265459202044963,6.41436425446532,1.72193444815302,0.128153881953709,0.578316422848993,-5.09202356069724,"Ccl27a"
"115",0.256640072637986,9.62077781254805,1.79510722562577,0.115113688843663,0.546568509625586,-4.99322250562074,"Csf1r"
"116",0.25439333209404,7.2142915473386,1.93417962924496,0.0937583213940236,0.518555457273358,-4.80162676800386,"Timd4"
"117",0.25315350273832,4.47184390213087,1.24735556246374,0.251839801157013,0.686496658612384,-5.68393580203668,"Pik3cg"
"118",0.252599648720372,6.84408722560771,2.40041207801924,0.0469533118367404,0.406633398737053,-4.1362933489496,"Lgals3"
"119",0.250747761307958,4.5440115064567,1.36293879155638,0.214552371346115,0.660936499650114,-5.54923856247033,"Pdgfrb"
"120",-0.249247268124922,7.21710178237501,-1.45116306201735,0.189443703414929,0.651826402483416,-5.44185563653691,"Cd99"
"121",0.248736912478569,4.56179689467876,1.92938797614983,0.0944255070681487,0.518555457273358,-4.80830097766691,"Mill2"
"122",-0.248553977796187,8.51744460548839,-1.27400795760466,0.242779433536666,0.686496658612384,-5.65352027562682,"Spp1"
"123",0.247932663725665,8.15277371740565,2.09019226922634,0.0743931469904896,0.494876151719344,-4.58200745666387,"Ets1"
"124",-0.247340846996379,5.76707933202656,-1.48092174951495,0.18158794951548,0.646115262229498,-5.40482329049082,"Tfeb"
"125",0.247189155615222,4.74613824745058,1.42187574095675,0.197472008231026,0.656809070855369,-5.47791170441037,"Il16"
"126",-0.246700863679149,5.35843310428032,-1.49856246318039,0.177071395281965,0.63996669633403,-5.38268852228429,"Il1a"
"127",0.245989025206483,4.98243108439679,1.21643793179936,0.262709110026802,0.693008514381048,-5.71870834014684,"Flt3l"
"128",0.245692607268027,7.66237406088338,2.09596958897144,0.0737576550891146,0.494876151719344,-4.57379907179917,"Sf3a3"
"129",0.242755413982784,10.7541778792366,1.36962195905754,0.212552009579504,0.65919846214184,-5.54123593081924,"C8a"
"130",0.241920332490542,5.95034994216872,1.39518543835386,0.205051588167191,0.658377195696373,-5.51042145540024,"Cd86"
"131",-0.239893979333229,4.74397841681689,-1.44588123663048,0.190869564506549,0.651826402483416,-5.44838717319654,"Il34"
"132",0.23699700335185,6.28665677449873,0.917167201251809,0.389148994836405,0.779997330261615,-6.02331153930669,"Thbd"
"133",0.23616877048557,9.15799951910832,1.57167718100219,0.159423305609681,0.614044044221977,-5.28957624297721,"C1qa"
"134",0.23436872991238,5.97137697918447,0.735110299916339,0.485841507495208,0.825930562741854,-6.1756409084322,"Myc"
"135",0.232954340921929,5.60017152611609,1.43457665857196,0.19395372233408,0.651826402483416,-5.46232382538007,"Smad2"
"136",-0.232374889610641,5.63439032261952,-1.84986518473889,0.106196542448139,0.518555457273358,-4.91833476628931,"Ripk2"
"137",-0.230166693811136,8.83580594637977,-1.04547665211376,0.330087897979016,0.720084756080405,-5.90027422602864,"Txnip"
"138",0.230155351279973,4.99688051859301,1.39369311434058,0.205482913852177,0.658377195696373,-5.51222909712282,"Oas2"
"139",0.226100487671137,10.2583574651242,1.62129857934778,0.148384744435461,0.603557466437989,-5.22520329027616,"C1qb"
"140",0.224495101652866,4.91517906000132,1.13737845901511,0.292306398529144,0.706150720657247,-5.80500949633682,"Icos"
"141",0.222815170261736,9.21688768496053,2.02802793537265,0.0815844095566935,0.502272708035424,-4.67001461729659,"Rora"
"142",0.221774648075784,6.25919256784995,1.08764334036949,0.312293182454762,0.718538728246655,-5.85726733233531,"Cd63"
"143",0.220705610189134,8.55363404040684,1.85519569912321,0.105364935024608,0.518555457273358,-4.91100455974324,"Stat2"
"144",0.220207952173228,5.45011649443058,0.938809401072544,0.37866229719602,0.765665173625433,-6.00342020198709,"Cd48"
"145",0.220087797952237,4.37953528779955,1.02328034966223,0.339772651628033,0.728764706061995,-5.92241714458567,"Ccr2"
"146",0.21954240885558,8.63645687184456,1.77643237981136,0.118315940718716,0.554153232549906,-5.01858225997599,"Mavs"
"147",0.218697209605442,9.69161891370326,2.16151990364786,0.0669153935435396,0.4584203826341,-4.48035546513096,"Lcp1"
"148",0.218624377344394,4.32619855982789,1.63028133815745,0.146464020589317,0.603557466437989,-5.21345443630281,"Il2rg"
"149",-0.218540404766415,4.19673304363355,-1.16819762279246,0.280455654572105,0.695940287900932,-5.77182677932488,"Epcam"
"150",0.216374801514205,7.54166561942054,2.04181963360241,0.0799317805508709,0.502272708035424,-4.65054164660238,"Axl"
"151",0.2154648980066,5.20026902110201,1.60824330746036,0.151218101613004,0.603557466437989,-5.24222736746349,"Ncf4"
"152",0.214868700640887,10.3267023694664,1.79379713394651,0.115335602375667,0.546568509625586,-4.99500465250457,"Egfr"
"153",-0.213601325074927,6.03569303478405,-1.25913209639282,0.247801414969384,0.686496658612384,-5.67054597793896,"Tnfrsf12a"
"154",-0.213577290939558,5.69438391257992,-1.64964015807184,0.142403259837942,0.599661433629497,-5.18803845597743,"Map4k2"
"155",0.213340094783809,4.37066638952152,1.27098007987002,0.243794492821496,0.686496658612384,-5.65699578312648,"Gzma"
"156",-0.211874230582382,7.59655123358592,-1.65247992330982,0.141816513396255,0.599661433629497,-5.18429931074421,"Atg16l1"
"157",0.210994146153996,6.58492772093751,1.29957470680803,0.234352441640027,0.686496658612384,-5.62397215073087,"Tnfrsf14"
"158",0.210943276742071,4.83381885734124,1.04331972362565,0.331019354102321,0.720084756080405,-5.9024411620146,"Cd59b"
"159",0.204231484968963,7.41985319167129,1.79279420332739,0.115505763472074,0.546568509625586,-4.99636864924108,"Tgfb1"
"160",-0.201931571094745,7.42300106831426,-1.54624746687573,0.165369741056075,0.622169763481463,-5.32220442908447,"Ecsit"
"161",0.200616234867995,4.64756853833451,1.17857120330693,0.27655735245364,0.695940287900932,-5.76052391721111,"C5ar1"
"162",0.199693967044512,7.41297313940208,1.37194923233627,0.211859292786608,0.65919846214184,-5.53844394473521,"Ikbke"
"163",0.199510730122599,5.74140363901754,0.966728672976947,0.365450079056464,0.756036102103536,-5.97723201247394,"Klra2"
"164",0.19730482844041,5.18190427869961,1.15612381199266,0.285050163349287,0.699668582766432,-5.78489789490507,"Jak3"
"165",0.194219348755286,11.0917065227337,1.18980294015841,0.272387530997229,0.694980898428908,-5.7482114035022,"C8b"
"166",0.194102232599064,5.83041330979155,1.11580409681744,0.300844513183405,0.716848292471458,-5.827877334806,"Entpd1"
"167",0.193797492276781,7.42014911031211,1.92472062402777,0.0950798386099406,0.518555457273358,-4.81479747189879,"Ikbkg"
"168",0.193649599169734,8.44700219260732,0.511165441809738,0.624744771394983,0.868685491414709,-6.32258026061646,"Col3a1"
"169",-0.1919880062341,6.75187852280679,-1.49891863939276,0.176981262859336,0.63996669633403,-5.38224024016158,"Sap130"
"170",0.190366881277334,7.15618379168509,1.31349951116792,0.229869917059202,0.686496658612384,-5.60772957450388,"Irak4"
"171",0.189730154972102,6.51108625094523,1.05775526822564,0.324824923045608,0.720084756080405,-5.88787696273396,"Smad3"
"172",0.18920254211751,6.73380853322034,1.07522876437185,0.317450602953695,0.720084756080405,-5.87005543899213,"Csf1"
"173",0.188754760459203,13.2510640818937,1.63601363024293,0.145250466762443,0.603557466437989,-5.20594212899169,"Mbl2"
"174",-0.188606010826688,12.4237605281229,-1.93332365284654,0.0938771682349905,0.518555457273358,-4.80281938984228,"C8g"
"175",0.184830767337698,6.65045136807399,1.56686006331015,0.160534390646268,0.614044044221977,-5.29577624708,"Map3k1"
"176",-0.184601178753853,7.85807071570119,-1.53010588246515,0.169249217171743,0.631588542128699,-5.34278264173769,"Map3k5"
"177",0.184187684420529,6.4636237511608,1.1895766103683,0.272471035630607,0.694980898428908,-5.74846027237226,"Lilra5"
"178",0.184136014951785,15.3700519056609,1.50982122383491,0.174242403992055,0.63996669633403,-5.36849241748059,"C3"
"179",0.183564896817473,6.96790650239732,1.18192284989586,0.275307508746143,0.695940287900932,-5.7568578415813,"Smn1"
"180",0.183475370792952,4.6738608545464,1.24111667019365,0.254001852107007,0.686496658612384,-5.69099725264681,"Ccrl2"
"181",0.181090937442001,6.14632654982648,1.58592320437943,0.156178806037681,0.614044044221977,-5.27118873138885,"Itga5"
"182",0.179920662489909,5.95038967145169,0.964603356643811,0.366443348343804,0.756036102103536,-5.97924618988073,"Tap2"
"183",-0.178695972076833,13.2799034660158,-1.72001182353624,0.12851476063311,0.578316422848993,-5.09459845347114,"Hsd11b1"
"184",0.178161996188724,7.67602576235848,1.19364414592849,0.270973573062207,0.694980898428908,-5.74398292517786,"Atf2"
"185",-0.177998841042144,8.99881421429756,-1.15069248165401,0.287137166516688,0.701042337399786,-5.79074801438065,"Rorc"
"186",0.174998565858756,7.5457037818438,1.87404347756886,0.102474712990622,0.518555457273358,-4.88503189651209,"Jak2"
"187",-0.174441960962625,6.18206909735977,-1.21677691687554,0.26258782110284,0.693008514381048,-5.7183301228616,"Tab1"
"188",0.174278906047393,10.1678012708046,1.48259303925802,0.181155615175775,0.646115262229498,-5.40273197048547,"C2"
"189",0.173190501566091,4.17405809203338,1.09562193140532,0.309014347124914,0.718538728246655,-5.84899395246304,"Thbs1"
"190",0.173178093989833,5.89531275828833,0.818947494436692,0.439437982179812,0.819352591309464,-6.10892098359228,"Fcgr3"
"191",-0.172832152439677,5.73664229480932,-0.687281437538026,0.513723920117319,0.835477212655072,-6.21094479304851,"Defb1"
"192",0.172107953896334,6.5339478008987,1.01383984954356,0.343958715033176,0.734311861396409,-5.93172903286558,"Myd88"
"193",0.170695282122013,4.34934398319063,0.873538601529909,0.41094138571533,0.798381570740925,-6.06229790370938,"Tlr7"
"194",0.166712571756494,12.1384303481211,1.29186883021617,0.236865388200433,0.686496658612384,-5.6329157008851,"H2-D1"
"195",0.165464468982445,8.30263631346948,1.44812762556698,0.190261963916032,0.651826402483416,-5.44561081762134,"Psen2"
"196",0.16516397432673,6.08655758703616,1.29823924571002,0.234786288561811,0.686496658612384,-5.62552441394106,"Mcam"
"197",-0.165104094093641,10.027920448022,-0.741767135157057,0.4820412493472,0.825585572575989,-6.17056575939189,"Nrp1"
"198",0.164012581227748,5.055847953144,1.08941121451364,0.311564260569784,0.718538728246655,-5.85543781665601,"G6pdx"
"199",0.16398133572446,5.23091489616658,0.569668014419586,0.586468632781922,0.860950156051403,-6.28879559266529,"Ccr5"
"200",0.163597306563424,7.73166738702861,1.28031012323775,0.240678338818543,0.686496658612384,-5.64627008549622,"Psmb10"
"201",0.162268513376906,4.6150229214393,0.689425428768044,0.51245250772791,0.835477212655072,-6.20940634103611,"Ly9"
"202",0.161265595993286,7.18453407252797,0.720009890826008,0.494535230965779,0.831471322393013,-6.18700806273154,"Vim"
"203",-0.160522903986901,6.55330878333969,-1.55554440060776,0.163172503122275,0.618976685397722,-5.31030507437831,"Bmi1"
"204",-0.159440568816615,5.18766097213931,-0.890541743964035,0.402344583603904,0.79669661209236,-6.04728304395178,"Cd14"
"205",-0.15896556765453,4.88850409767095,-0.557833677655273,0.594103761083545,0.860950156051403,-6.29590028478607,"Il22ra1"
"206",-0.157871913074728,7.23778095319908,-1.08571756548187,0.313088770477845,0.718538728246655,-5.85925786497726,"Bid"
"207",0.156108948383169,8.44334944367187,1.38020341438269,0.209418454404511,0.658377195696373,-5.52851989421088,"Mrc1"
"208",0.154602692756735,6.8962769606576,1.26686418600114,0.245180129881285,0.686496658612384,-5.66171194536171,"Reps1"
"209",-0.154274069279357,4.16459987589002,-1.05219938806021,0.327198027486898,0.720084756080405,-5.89349949162394,"Plaur"
"210",0.153578030541622,5.97206229878231,1.0300784144839,0.336783071255117,0.728764706061995,-5.91567237245678,"Cd276"
"211",0.153378629235042,11.438885251914,1.1976411984175,0.269508773040439,0.694980898428908,-5.73957339773101,"Lrp1"
"212",0.151840473516534,7.57100603259515,0.83604328753821,0.430367311510985,0.819352591309464,-6.09458376178325,"Msr1"
"213",0.14950904748691,7.8355945298666,1.3333257936936,0.223616219141754,0.679734070106392,-5.58442551913542,"Gtf3c1"
"214",0.148958164111773,8.49164647061063,0.654730935786177,0.533271719109964,0.835477212655072,-6.2337854162976,"Irf7"
"215",-0.14850593661006,7.76301858077304,-1.43837765470512,0.192911770270866,0.651826402483416,-5.45764435718508,"Pecam1"
"216",0.145101452990992,8.87268453503412,1.13112700673794,0.294759776447332,0.708349410415317,-5.81166671825911,"Tapbp"
"217",0.144964350282563,6.03717495881213,0.803288545615324,0.447863305648323,0.819352591309464,-6.12183900837233,"Pvr"
"218",-0.144305200185302,6.11379263340046,-1.38673434728161,0.207504839222232,0.658377195696373,-5.5206439297,"Sbno2"
"219",0.1439076862687,8.18039338783558,1.24324524784423,0.253262439151338,0.686496658612384,-5.68859055002544,"Il6st"
"220",0.143690524422998,14.1084996941628,0.788926528347844,0.455688906385418,0.819352591309464,-6.13350508531792,"Arg1"
"221",0.140282019353946,5.52729836619687,0.879534390200269,0.407894779611557,0.79669661209236,-6.05702959642639,"Tyk2"
"222",-0.137502007491759,4.9705662603871,-0.469532626785724,0.652768733278382,0.876084352557829,-6.34455372355236,"Dusp4"
"223",-0.136356921237086,6.82720161312706,-0.766112314962592,0.468312165218049,0.820440014637727,-6.1516743995823,"Il4ra"
"224",0.135203719528707,6.354409286163,0.682671896722862,0.516464221147355,0.835477212655072,-6.21423827606233,"Tnfsf12"
"225",0.13396790817367,7.32320995566891,0.77363953017551,0.464121293552202,0.819352591309464,-6.14572918860892,"Ly86"
"226",0.133225532745917,8.76532495234103,1.35127456696898,0.218083318318944,0.667334954055969,-5.56315177961711,"Map2k1"
"227",0.131972293503601,9.40540725864483,1.38258828806739,0.20871786617148,0.658377195696373,-5.52564628623764,"Jak1"
"228",0.131566571131914,7.08551273687652,0.625400201352971,0.551274488712569,0.85196966437397,-6.25352656161489,"Fyn"
"229",-0.131372736246684,8.91648536791842,-0.576812408698396,0.581886345134835,0.860950156051403,-6.28444076951431,"Raet1"
"230",-0.13132536605227,6.03502333576968,-0.884875318975977,0.405194805068083,0.79669661209236,-6.05231247872253,"Fadd"
"231",-0.130985600458671,4.27830602358304,-0.667178773285898,0.525742279666763,0.835477212655072,-6.22516572017021,"Hspb2"
"232",0.130917587454881,6.43248780387669,1.25739591547657,0.248393286768272,0.686496658612384,-5.67252495411389,"Atg10"
"233",0.130908864433849,9.39636982479055,1.09183518584005,0.310567047953067,0.718538728246655,-5.85292592052246,"Hif1a"
"234",0.129814905118388,12.2675720094383,1.19648213900026,0.269932849355088,0.694980898428908,-5.74085306012363,"Serping1"
"235",0.127468015883681,9.76254323930475,1.31428331476085,0.229619828863463,0.686496658612384,-5.60681222372528,"Il13ra1"
"236",0.126797280364307,7.15657325415962,0.569038622369432,0.58687329308548,0.860950156051403,-6.2891768677848,"Cmpk2"
"237",-0.12603160392688,4.18538908455811,-1.07582405280121,0.31720175147494,0.720084756080405,-5.86944462052535,"Runx1"
"238",0.125635252172134,6.45403048773201,0.681949923820871,0.516894261133466,0.835477212655072,-6.21475236701317,"Siglec1"
"239",0.124818907411768,6.82248401086965,0.473043897394168,0.650381039432015,0.876084352557829,-6.34276787027949,"Nfkbia"
"240",0.124730272046341,9.65994412553238,0.389453131125564,0.708360056377622,0.907782273314832,-6.38185909316064,"Cd36"
"241",0.123410700371132,7.56172465295391,1.06764724799908,0.320633628486097,0.720084756080405,-5.87781363602983,"Rela"
"242",0.122989306133019,7.46592939559114,1.16377725858422,0.282130590032359,0.69622548830566,-5.77662284148771,"Cd97"
"243",0.122283626911048,8.30537806074606,0.871000081687929,0.412236235872765,0.798381570740925,-6.06451972558982,"Casp3"
"244",0.122087178793212,9.16273226360805,0.614975934719027,0.557760019778954,0.854107030712078,-6.26034824818098,"Psmb8"
"245",-0.119921807667691,7.83196678524252,-0.942247845119399,0.377015920367888,0.765665173625433,-6.00022683276789,"Casp8"
"246",-0.119454349977893,7.36490521479923,-1.13953553867077,0.291463749818186,0.706150720657247,-5.802706585727,"Irak2"
"247",0.118664537644086,5.97128179422189,0.608744766524547,0.561658388949466,0.854107030712078,-6.26437686791455,"Nfkb2"
"248",-0.118625876696668,8.57994349820425,-1.16808345893486,0.28049880884896,0.695940287900932,-5.77195079928854,"Atg5"
"249",-0.118170763248671,5.85949847346502,-0.651277981080398,0.535372111282162,0.835610104157786,-6.23615107885467,"Il15ra"
"250",0.117810153260175,5.25144568863453,0.654648087369908,0.533322055137116,0.835477212655072,-6.23384230619994,"Akt3"
"251",0.116826452928346,5.06466828757728,0.670750919347164,0.523593881343579,0.835477212655072,-6.22266576745639,"Klrk1"
"252",-0.116373893950759,7.29998795541078,-1.04643689536951,0.329673890284699,0.720084756080405,-5.89930848244737,"Traf6"
"253",0.115919818344225,7.55972499399057,1.0923790470369,0.310343659259073,0.718538728246655,-5.85236179145177,"Irak1"
"254",0.115145431706534,4.55824311361287,0.612656342987433,0.559209329967044,0.854107030712078,-6.2618522281719,"Icosl"
"255",0.113206588761624,8.74881205687205,1.0008843786478,0.349768696691836,0.739833326182271,-5.94440378216675,"Irf2"
"256",0.111104718034949,8.50119711833872,1.0448511678037,0.330357795871072,0.720084756080405,-5.90090294700206,"Crebbp"
"257",0.109923088814283,7.65628436738908,0.887258927654169,0.403994051880531,0.79669661209236,-6.05019993306175,"Gusb"
"258",-0.109483602014081,6.16828888548519,-0.938901425074458,0.378618164422418,0.765665173625433,-6.00333485449439,"Edc3"
"259",0.108710277640538,5.30271427727293,0.66999146816935,0.524050177332425,0.835477212655072,-6.22319824776136,"Dll4"
"260",-0.108273162044388,4.39300252725378,-0.544085554275158,0.603042977123217,0.860950156051403,-6.30398254769939,"Btk"
"261",-0.106862782242299,4.64700820006451,-0.472039801079273,0.651063387038163,0.876084352557829,-6.3432798335089,"Smpd3"
"262",0.106232554614065,6.45737247496232,0.720095468223595,0.494485676272006,0.831471322393013,-6.18694421353668,"Atf1"
"263",-0.102955421126364,5.92037546036075,-0.479668983608092,0.645887877297747,0.876084352557829,-6.33936436681468,"Polr1b"
"264",-0.102886461575743,6.53502558298157,-0.358985868286326,0.730045058363778,0.907782273314832,-6.39430584245389,"Cd163"
"265",0.102325459082908,11.0516256338811,0.973702817276581,0.362205137246944,0.756036102103536,-5.97059890262978,"Hc"
"266",0.101202053397075,14.549868906516,1.00797713537666,0.346578519763276,0.736479354496961,-5.93747971513084,"Clu"
"267",0.101191501660408,9.62299635251527,1.09931015753116,0.307508073817907,0.718538728246655,-5.84515508986044,"Mapk1"
"268",-0.101016085632029,7.74631354474934,-0.688038697738939,0.513274626571897,0.835477212655072,-6.21040188715194,"Pla2g6"
"269",0.100466838254161,6.14989760800685,0.281572840838568,0.786301901813294,0.9242949822994,-6.42151215924331,"Jun"
"270",-0.0989302594725057,7.5085332360711,-0.667629220911952,0.525471063131809,0.835477212655072,-6.22485112239982,"Tek"
"271",0.0982396525292704,9.90948940890995,1.0256628854326,0.33872252606348,0.728764706061995,-5.9200570207662,"Dpp4"
"272",-0.0978406498598821,7.5142060353021,-0.962749013580386,0.367311657448995,0.756036102103536,-5.98100080394624,"Bcl2l1"
"273",0.0967852249669236,11.4416856715122,0.775993394888493,0.462816001545514,0.819352591309464,-6.14386000710277,"Bst2"
"274",0.0965496194143531,9.7012164358495,0.989671750354415,0.354858276814894,0.74715572962402,-5.95527517300459,"Anp32b"
"275",0.0949993709314026,9.73918826099375,0.70457904881258,0.503523608119719,0.835477212655072,-6.19841392688871,"Stat3"
"276",-0.0948939623870359,6.15374267476425,-0.648529060217799,0.53704788829313,0.835610104157786,-6.2380264879921,"Nod1"
"277",0.0948199364229116,13.1776544590272,0.971626021201011,0.363169120271802,0.756036102103536,-5.9725779289601,"Cfi"
"278",0.0944994727466433,5.76770632697831,0.836826603890187,0.429954900431113,0.819352591309464,-6.09392103800187,"C3ar1"
"279",0.0942683705816828,12.5370018372552,0.880753620629683,0.407277275682041,0.79669661209236,-6.05595477608099,"H2-K1"
"280",-0.0939610215770433,9.22380990369013,-0.586748015616996,0.575547985520097,0.860950156051403,-6.27830271839632,"Stat5b"
"281",-0.0939072181406729,7.34597227808754,-0.806079403271673,0.446353500387488,0.819352591309464,-6.11955176169191,"Rps6"
"282",0.0936864861627713,12.800581100433,0.944655642830755,0.3758662467944,0.765665173625433,-5.99798528765569,"Fn1"
"283",-0.0920350753275752,9.08156793709627,-0.659526804423377,0.530362915754988,0.835477212655072,-6.23048138694898,"Colec12"
"284",0.0918035812959344,5.94861329076449,0.757525756930194,0.473124024830584,0.822590634080447,-6.15839639331921,"Isg20"
"285",-0.0913432911644889,12.5798602338679,-0.849268143312019,0.423442150525022,0.8166384331554,-6.08332720079666,"Oaz1"
"286",0.0910579698648562,7.28587617020793,0.815306270936127,0.441387176370692,0.819352591309464,-6.11194321463751,"Cxcl16"
"287",-0.0903320436686914,11.6916856182276,-0.774299889443825,0.463754850863793,0.819352591309464,-6.14520528508116,"Cd164"
"288",-0.0883862694161926,12.5143276129512,-0.813280131251092,0.442474413542609,0.819352591309464,-6.11362011168378,"Rpl19"
"289",-0.088265267373857,5.12497967307311,-0.162148663780242,0.875707453642753,0.965148120134514,-6.45079933616586,"Msln"
"290",-0.0879722314130112,11.5965235076686,-0.918920633716118,0.388291392185823,0.779997330261615,-6.02171342657844,"Ctsh"
"291",0.0879380266682665,7.30585366404576,0.759771990458915,0.471862042511558,0.822590634080447,-6.1566441135581,"Igf2r"
"292",0.087738921420261,7.50294449969693,0.609439612427697,0.561222879190871,0.854107030712078,-6.26392945563594,"Ep300"
"293",0.0874611816483383,8.00073541982772,0.90785247047243,0.393728433410495,0.785745004067032,-6.03176103396687,"Atg12"
"294",-0.0859132716384688,7.4255622643556,-0.721410450591695,0.493724627108959,0.831471322393013,-6.18596228599875,"Mapk8"
"295",-0.0856576017170672,10.0094074334993,-0.800623278780036,0.449308476821982,0.819352591309464,-6.12401718602917,"Map2k2"
"296",0.0855518310903628,4.13023875679552,0.774184440323681,0.463818900998488,0.819352591309464,-6.14529690504707,"Ikzf1"
"297",0.0855518310903628,4.13023875679552,0.774184440323681,0.463818900998488,0.819352591309464,-6.14529690504707,"Ccl19"
"298",-0.084951204156819,5.94248949738404,-0.836736836083529,0.430002148373944,0.819352591309464,-6.09399701162696,"Maf"
"299",0.0840685873909269,10.7508546777531,0.499626657178057,0.63244828258714,0.872802716139441,-6.32884445376444,"Ccl9"
"300",0.0834940106492111,11.9959060638903,0.752011540233537,0.476231647525098,0.822845329920048,-6.16267937292248,"Cxcl12"
"301",0.0831839255938056,10.8032556659192,0.783145973767137,0.458865048792897,0.819352591309464,-6.13815099574934,"Itgb1"
"302",-0.0829599774265263,4.16385327130794,-0.774051974327152,0.463892399363311,0.819352591309464,-6.14540201539598,"Itgam"
"303",0.0829549258532126,7.81720415940262,0.750906770914263,0.476855899256498,0.822845329920048,-6.16353427288486,"Atg7"
"304",-0.0829003846364755,8.06865437168137,-0.695698488282207,0.508744048894771,0.835477212655072,-6.20488106091127,"Hdac3"
"305",0.0819060902026774,7.60713141346465,0.401029652838617,0.700194386966717,0.907782273314832,-6.37687534915186,"Herc6"
"306",0.0813361978276595,6.06283227966854,0.306135701051604,0.768284116815793,0.920036404932141,-6.41357212189537,"Tnfsf10"
"307",0.0810976230145265,13.9928234863498,0.367722942635028,0.723798311820698,0.907782273314832,-6.39083609437673,"Tdo2"
"308",-0.0810728055316026,7.40474286474901,-0.633485738685558,0.546275368305335,0.847095925851854,-6.24816487605373,"Mertk"
"309",0.0804085616007372,5.31001286661794,0.563899398042876,0.590183407144868,0.860950156051403,-6.29227575072843,"Pparg"
"310",0.0800646652934131,6.07596096030528,0.412428393312159,0.692195327685931,0.907782273314832,-6.37183207185082,"Tbp"
"311",0.0787703685291786,9.51008336595037,0.792050164551636,0.453978922061457,0.819352591309464,-6.13098270834879,"Masp1"
"312",0.0781522545925675,8.94887683029353,0.774042433290165,0.463897693485471,0.819352591309464,-6.14540958552307,"Stat6"
"313",0.0778667514985921,6.97424964931782,0.51141737930928,0.624577126441298,0.868685491414709,-6.32244200780107,"Ccnd3"
"314",-0.0772294146842527,9.67888139403425,-0.766989758091783,0.467822321378252,0.820440014637727,-6.15098389128696,"Ifnar2"
"315",0.0771414826426297,7.72243604619239,0.665030111013811,0.527037202830598,0.835477212655072,-6.22666380097752,"Map3k7"
"316",0.0771314800475729,10.0696999000831,0.490008152665507,0.638907333963187,0.876084352557829,-6.33396441798724,"Cmah"
"317",-0.0770923653520773,5.76971508758452,-0.573706326767591,0.583876016267867,0.860950156051403,-6.28634012704642,"Bax"
"318",0.0770047254771208,5.59340454596634,0.532191936342982,0.610835730630106,0.86730440880319,-6.31082511188527,"Anxa1"
"319",0.0766072486489184,9.43232769274339,0.737451323324341,0.48450280664653,0.825930562741854,-6.17386057346876,"Mapk14"
"320",-0.0765781701605208,12.0720356180426,-0.799043883366867,0.450166387105733,0.819352591309464,-6.12530510437743,"Cd81"
"321",0.0750005453091476,7.10060867044309,0.747275079160623,0.478911850231158,0.823297899835586,-6.16633704792419,"Tie1"
"322",0.074055070087005,12.8585594818528,0.526630651110785,0.614498187471052,0.867860517074501,-6.31397679148466,"Cfh"
"323",0.0710953194490782,4.1608060787705,0.569706208513432,0.58644408142551,0.860950156051403,-6.28877244297562,"Ms4a1"
"324",-0.070984256754477,6.02873618049419,-0.420985710447303,0.686217648543574,0.907705765652739,-6.3679575570833,"Tcf7"
"325",-0.0704824747439681,8.49989660269994,-0.711274604693765,0.499610568029226,0.835477212655072,-6.19349103984684,"Itga1"
"326",-0.0702695356414288,7.17510422898543,-0.552345741510158,0.597663203544259,0.860950156051403,-6.29914868655035,"Abcf1"
"327",-0.0698593971721733,10.5494098055897,-0.561602722107661,0.591666064253752,0.860950156051403,-6.2936523250505,"Chuk"
"328",0.0694632739650706,7.9689606519195,0.544459375255936,0.602798936156308,0.860950156051403,-6.30376523104772,"Sigirr"
"329",-0.0679414046369454,9.11172256640844,-0.656840300871248,0.531991126817545,0.835477212655072,-6.23233482779227,"Ltbr"
"330",-0.0675040676995638,9.01914611636825,-0.699352618764908,0.506591773353374,0.835477212655072,-6.20222861368158,"Irf3"
"331",0.0674959122523744,5.31881158204326,0.377956846201892,0.716509929195801,0.907782273314832,-6.38666993924768,"S100a8"
"332",0.0668608529751547,7.8403151642187,0.47370584032959,0.649931402873581,0.876084352557829,-6.3424298046617,"Polr2a"
"333",0.066601871148394,8.17336056500009,0.569997906704835,0.586256595579383,0.860950156051403,-6.28859559619579,"Ythdf2"
"334",0.0663653571339405,7.85702273700942,0.60233844424228,0.565683087879023,0.854107030712078,-6.2684802845891,"Tubb5"
"335",0.0659908565507664,6.22586789041305,0.431739631345294,0.678739505051353,0.903018645850931,-6.36298137109896,"Vegfc"
"336",-0.0655500560893622,4.12023786929502,-0.701338298799772,0.50542466953784,0.835477212655072,-6.20078219852807,"Ltb"
"337",0.0653105647485043,15.0039465122567,0.381174379793685,0.714224933791134,0.907782273314832,-6.38533742382962,"Hamp"
"338",0.0631032005226034,8.19004313597554,0.416538094683768,0.689321550212139,0.907782273314832,-6.36998075825127,"Mapk3"
"339",0.063013247180649,8.71426567132343,0.605242594712297,0.563856489912971,0.854107030712078,-6.26662493831455,"Alcam"
"340",-0.0627763879107094,4.3676533511831,-0.353830653245699,0.73374122745055,0.907782273314832,-6.39631541826348,"Il3ra"
"341",-0.0627136982290711,4.21745164174313,-0.477682899559417,0.64723320172072,0.876084352557829,-6.34038932917615,"Itga2b"
"342",0.0624001082017154,8.97586839593802,0.530095650628841,0.612214876802252,0.86730440880319,-6.31201669919651,"Ewsr1"
"343",0.0619577044255217,6.13209918992493,0.37253835776758,0.720364993595921,0.907782273314832,-6.38888945522676,"Cd84"
"344",0.0613637990194868,7.59603343579625,0.364910108011182,0.72580697719654,0.907782273314832,-6.39196191784234,"Eif2b4"
"345",0.0610626532003705,7.28179529355943,0.553974541287574,0.596605537051822,0.860950156051403,-6.29818763877717,"Ifitm1"
"346",0.0607727990080123,4.11784924075435,0.602667177936877,0.565476152751073,0.854107030712078,-6.26827067283502,"H2-DMb2"
"347",-0.0605982371726663,5.5233707941603,-0.321362432205474,0.757190332580627,0.917019426529044,-6.40832575245288,"Tirap"
"348",0.0597334841863084,9.83545995186371,0.510972938664302,0.624872883387384,0.868685491414709,-6.32268585575823,"Ceacam1"
"349",0.0594842926379113,9.85527552212177,0.657504094530509,0.531588533029485,0.835477212655072,-6.23187749189365,"Psmd7"
"350",0.0588495420540151,5.21171345825125,0.458671701818504,0.660181752166151,0.883450216455578,-6.34999852907888,"Ada"
"351",0.0582559063005322,9.95570010430344,0.542653898846221,0.603978105116671,0.860950156051403,-6.30481355716476,"Cd47"
"352",0.0581155178672117,8.3073545469891,0.471055615880075,0.65173255103441,0.876084352557829,-6.34378065460988,"Ifngr1"
"353",0.0569387020474199,4.99403924816452,0.543910882682093,0.603157026344426,0.860950156051403,-6.30408404411111,"Ticam1"
"354",-0.0554387083748974,4.44567836215262,-0.141477803843282,0.89142359165501,0.972616129149237,-6.45428284665352,"Cd79b"
"355",0.0548249733807391,8.19170668569166,0.544944342709204,0.602482416664207,0.860950156051403,-6.30348309649168,"Il18"
"356",0.0542039399006273,4.94881247759405,0.306194493969364,0.768241167993105,0.920036404932141,-6.41355234106386,"H2-DMb1"
"357",-0.0515941211430629,12.7639142552262,-0.560892435676168,0.592125024841363,0.860950156051403,-6.29407701610675,"Lamp1"
"358",-0.0515605180444295,5.81055429722143,-0.367552644810286,0.723919856753249,0.907782273314832,-6.39090449173526,"Abl1"
"359",0.050903696406902,5.85305341502059,0.353985950001651,0.733629772308916,0.907782273314832,-6.39625529082668,"Sh2d1a"
"360",0.0507173230012519,6.76573372263276,0.451617916096397,0.665018265629317,0.887335418383304,-6.35347049866948,"Prkcd"
"361",0.0505436591883632,6.0491956221269,0.411233538303598,0.693031871141314,0.907782273314832,-6.37236704413812,"Hck"
"362",-0.0502061648104164,7.56391199855944,-0.294897359840472,0.776509654700839,0.920036404932141,-6.41728528850273,"Il1r1"
"363",0.0498358713442697,12.2682238392238,0.515753857086981,0.621695266684858,0.868685491414709,-6.3200524350087,"Cfb"
"364",0.0496016215248895,5.25651793953481,0.343361718803635,0.741270396626865,0.912713433169715,-6.40031001389252,"Tlr8"
"365",0.0495329192150467,7.72819330558514,0.317061027125278,0.760318157712459,0.918384301026365,-6.40983287502765,"Irf5"
"366",0.0493677648356666,12.2797591641322,0.508623319526672,0.626437685529997,0.868685491414709,-6.32397173589238,"Ppia"
"367",-0.0493006386417115,7.62545205830544,-0.395162282687643,0.704327810451169,0.907782273314832,-6.37941871681556,"Bcl10"
"368",-0.0491019106941477,8.45637272980017,-0.42347303068957,0.68448461191625,0.907705765652739,-6.36681718467373,"Irf1"
"369",-0.0489600775840145,9.76957404368174,-0.498489987369504,0.633209813669791,0.872802716139441,-6.32945433610986,"Hmgb1"
"370",-0.0486009500651359,13.2371252251639,-0.508954392419207,0.626217072400418,0.868685491414709,-6.32379088184454,"Lamp2"
"371",0.0473755850825281,5.6960501373472,0.233201078200148,0.822186564765081,0.93876525678401,-6.43524654444693,"Rel"
"372",0.0472485487548549,7.46700107091544,0.387032461544599,0.710072754781574,0.907782273314832,-6.38288354686074,"Ly96"
"373",-0.0468163306975549,7.23530237328625,-0.382358458587308,0.713384823696759,0.907782273314832,-6.38484432056997,"Il17ra"
"374",0.0466071646034186,10.8639281173749,0.2801332343392,0.787362392329119,0.9242949822994,-6.42195741172795,"Ctsl"
"375",0.0461313402531926,11.708230888664,0.486547339252765,0.641239614131062,0.876084352557829,-6.33578391087424,"F12"
"376",-0.0456467309459182,8.6772780831194,-0.372053557726497,0.720710338204201,0.907782273314832,-6.38908653823395,"Eng"
"377",0.0452189318239152,7.99103110996594,0.332149288488164,0.749368013341272,0.912713433169715,-6.40445963257016,"Pml"
"378",-0.0446969714586826,10.6426522948053,-0.299651675201574,0.773026072391813,0.920036404932141,-6.415730966486,"Xbp1"
"379",0.0446327480183438,12.4414734883728,0.363897198566374,0.72653086959079,0.907782273314832,-6.39236529285305,"C4b"
"380",0.0442422583352867,7.05800381993642,0.386884654502862,0.710177391019674,0.907782273314832,-6.38294590227491,"Tbk1"
"381",0.0440131875419791,4.74502197722978,0.218430261608996,0.833240298921156,0.939391544831747,-6.43893436325201,"Jam3"
"382",0.043626270951725,8.53416093449261,0.298015415207032,0.774224366359048,0.920036404932141,-6.41626864142502,"Litaf"
"383",0.0434175923116758,4.26344570668553,0.243122413363774,0.814785937756828,0.937694080865618,-6.43263619369213,"Cxcr6"
"384",0.0428532512197599,9.69037644816691,0.371248752121887,0.721283790879675,0.907782273314832,-6.38941316680009,"C1qbp"
"385",-0.0418321872631227,8.71324957685598,-0.114329751407988,0.912142738885551,0.972616129149237,-6.45814103886563,"Lcn2"
"386",0.0405392873736767,10.6010366412717,0.392874711555789,0.705942259418209,0.907782273314832,-6.38040061742016,"Gpi1"
"387",0.0405252253908494,7.90245433441615,0.33031121680248,0.750698733222796,0.912713433169715,-6.40512716061931,"Cd38"
"388",0.0395401561094676,12.2330702967528,0.402286595502154,0.699310305697277,0.907782273314832,-6.37632583887223,"Crp"
"389",-0.0390799713187562,4.4620515832343,-0.167089542868654,0.871959456892854,0.965148120134514,-6.44989696176377,"Relb"
"390",0.0388281703607385,4.57399398155928,0.199559752713413,0.847420594838153,0.94638942343239,-6.4432993552026,"Thy1"
"391",0.0381189899367992,12.1799806073865,0.250789758068556,0.80908040868176,0.937694080865618,-6.43054566062769,"H2-T23"
"392",-0.0370733137899855,6.92298791468693,-0.223143358458898,0.829708734726783,0.939391544831747,-6.43778347490624,"Traf2"
"393",-0.0365568171154269,7.71677456273759,-0.311609651047571,0.764289092491906,0.920036404932141,-6.41171457082283,"Pvrl2"
"394",0.0365488614418274,4.93925208966103,0.263027371000533,0.799999806103248,0.936559861810746,-6.42707705524642,"Mef2c"
"395",-0.0363818105468932,7.32089452724667,-0.339929073438219,0.743745789321822,0.912713433169715,-6.40159455884974,"Tmed1"
"396",0.0363595206707955,6.70661126424956,0.356853954094124,0.73157266785548,0.907782273314832,-6.39514029049644,"Cd55"
"397",-0.0354317895099949,6.54951089920965,-0.257723339282621,0.803931558939943,0.936559861810746,-6.42860032271547,"Atm"
"398",0.0353666120760152,5.50792530587233,0.1278043799423,0.901848792007851,0.972616129149237,-6.45632794768063,"Abcb1a"
"399",-0.0352388449385051,10.6498563313914,-0.339631415719226,0.743960593294989,0.912713433169715,-6.40170535855157,"Psma2"
"400",-0.0337975710814125,10.5922547279697,-0.33062433640839,0.750471977837731,0.912713433169715,-6.40501369935055,"Masp2"
"401",0.0334542804795359,8.43644861278777,0.247484344826175,0.811538578358718,0.937694080865618,-6.43145471518309,"Mapkapk2"
"402",0.0331580095836339,7.34460601801389,0.21760264688012,0.833860865653719,0.939391544831747,-6.43913395709839,"Nfkb1"
"403",-0.0331142198471597,6.97130311510741,-0.200246042465944,0.846903783943949,0.94638942343239,-6.4431474308094,"Pdgfc"
"404",-0.0325624375180877,9.27458325835743,-0.329003065612961,0.751646356728001,0.912713433169715,-6.40560005230337,"Yy1"
"405",0.0315395564410627,15.1760853737095,0.293245354991759,0.777721405476407,0.920036404932141,-6.41781970135002,"Ambp"
"406",0.0314436902798874,6.26975841999593,0.160328228351669,0.877089245298389,0.965148120134514,-6.45112503429028,"Icam2"
"407",-0.0303517803976765,7.94093514887169,-0.248472573005494,0.810803413115836,0.937694080865618,-6.43118417425659,"Tgfbr1"
"408",0.0292001390007639,8.69500087682198,0.238378480752714,0.818322112090318,0.938092162165572,-6.43389769146767,"Ifnar1"
"409",-0.0288847236134693,10.3712867558367,-0.258642427024501,0.80324982237571,0.936559861810746,-6.42833854928425,"Fcgr2b"
"410",0.0288074068971095,7.40861885905898,0.179010637972873,0.862931148829855,0.959044545551824,-6.4476091995795,"Nubp1"
"411",0.0286514617789754,9.38493891732531,0.283185100008625,0.78511480190155,0.9242949822994,-6.42101085961458,"Itch"
"412",0.02736327667091,9.37905050941406,0.199918657270623,0.84715031152065,0.94638942343239,-6.44321996858901,"St6gal1"
"413",-0.0270055012290352,12.5260165948281,-0.296527243962109,0.775314781384231,0.920036404932141,-6.41675516253824,"Cd1d1"
"414",0.0260925995532725,11.6575910157404,0.242674405692958,0.815119691209982,0.937694080865618,-6.43275637219784,"C1s1"
"415",0.0258356801884365,8.72070743801274,0.226287931356675,0.827354812860402,0.939391544831747,-6.43700213501216,"Ikbkb"
"416",-0.0257459954826438,8.4630845697679,-0.23672824072801,0.819553283286262,0.938092162165572,-6.43433078778665,"Smad4"
"417",0.0251273143882617,6.33995179488962,0.224687682236464,0.828552470263607,0.939391544831747,-6.43740109944028,"Cyld"
"418",0.0247657290704896,5.66309152471574,0.0819197165432387,0.936972388640666,0.974346430079413,-6.46167804374572,"Dock9"
"419",0.02215800516896,6.30829821370826,0.110195691449438,0.915304675486878,0.972616129149237,-6.45865700374404,"Cd1d2"
"420",-0.0216783183165289,9.20993604754034,-0.216064283009679,0.835014706517108,0.939391544831747,-6.4395029746539,"Tollip"
"421",0.0214399883387794,8.86645509712761,0.157895338336464,0.878936632279361,0.965148120134514,-6.45155460896399,"Nt5e"
"422",0.0213236319027377,8.06484512852894,0.187326560855738,0.856646034865197,0.954370218454188,-6.44592085628193,"Lyn"
"423",0.020002095450165,5.06895152081947,0.0972449896032532,0.925220365789953,0.972616129149237,-6.46015075420208,"Ccl25"
"424",0.019743162040752,6.90682951719389,0.158772760391866,0.878270278296228,0.965148120134514,-6.45140043458657,"Tfe3"
"425",-0.0185679243830337,5.65070621798293,-0.103598626594744,0.920353815638807,0.972616129149237,-6.45944115136388,"Itga6"
"426",0.0178148802247305,5.97302734580822,0.109407365566352,0.915907814843614,0.972616129149237,-6.45875324391845,"Nup107"
"427",0.0175282260851363,4.66633625481754,0.0420274548831377,0.967634419669431,0.989185297613071,-6.46442990534376,"Ccl21a"
"428",0.0173339034085585,4.33171902217595,0.0962296799786011,0.925998362610494,0.972616129149237,-6.46025999970699,"Itgb3"
"429",0.016671098897044,14.8539748987268,0.133991970894187,0.897128408112069,0.972616129149237,-6.45542807833237,"H2-Q10"
"430",-0.0163817288966184,6.68377635498325,-0.107864369654694,0.917088514930967,0.972616129149237,-6.4589396225568,"Nfatc3"
"431",0.0161079457899167,9.26187914271515,0.127340198605211,0.902203080158555,0.972616129149237,-6.45639374718152,"App"
"432",0.015747037804846,11.286107542378,0.149004803926977,0.8856943292065,0.970247487125975,-6.45306893060118,"C1ra"
"433",-0.0146328893789612,8.92426212774795,-0.121715790375971,0.906497800185818,0.972616129149237,-6.45717208811874,"Vegfa"
"434",-0.0144511465127708,10.0785179301209,-0.0872426097714599,0.932888518516434,0.974346430079413,-6.46117712208041,"Lbp"
"435",0.0144011646712429,7.68972293735721,0.102926091109303,0.920868773505274,0.972616129149237,-6.45951838146362,"Cdh5"
"436",-0.0128894789009515,10.2888601764513,-0.122042621272795,0.906248143552656,0.972616129149237,-6.45712781704597,"Psmb7"
"437",0.0127722337886331,8.59850521498447,0.102065366705556,0.921527886118449,0.972616129149237,-6.45961649051906,"Kdr"
"438",0.0125193595424252,4.73059700182062,0.0694560913965569,0.946542538203017,0.978520326655821,-6.46272784348889,"Tlr5"
"439",-0.011736625857934,4.09333115417931,-0.129884174341971,0.900261676043643,0.972616129149237,-6.45603020323457,"Muc1"
"440",0.01167694151961,8.35978310988279,0.0972857319642023,0.925189148141324,0.972616129149237,-6.46014634653323,"Map2k4"
"441",0.0112948368452522,10.4961156845792,0.071223994153035,0.945184446322637,0.978520326655821,-6.46258943973947,"Lyz2"
"442",0.0109342978883873,10.6470202105837,0.0995544789422346,0.923451010955033,0.972616129149237,-6.45989799877667,"Sdha"
"443",-0.00978841412682266,5.3646030216432,-0.0875136140366159,0.932680653289475,0.974346430079413,-6.46115077712054,"Nfatc1"
"444",-0.00889141597897274,8.293782757837,-0.0848872199263804,0.934695379623775,0.974346430079413,-6.4614026611916,"Psen1"
"445",0.00813388361420595,10.2617179626488,0.0802426262050984,0.938259525261657,0.974346430079413,-6.46182935162864,"Hprt"
"446",0.00790211162569846,4.52526296550915,0.0371919002371434,0.971356222107976,0.990783346550136,-6.46464318314001,"Mfge8"
"447",0.00774762009566712,9.0350849191996,0.0536066955683529,0.958725867801113,0.984463474990405,-6.46381343175489,"Ifi35"
"448",0.00696400055122786,4.85678038936076,0.0628918303565049,0.95158678822347,0.981524350100163,-6.46321134161746,"Clec4n"
"449",0.00599135442087636,9.63358731536504,0.058995226319777,0.954582239283982,0.98240638527208,-6.46347569066242,"Tnfrsf1a"
"450",0.00448717255459971,7.59272522416717,0.0447761141286497,0.965519225284328,0.989185297613071,-6.46429707201073,"Tgfbr2"
"451",0.00383679540259599,5.0648541983195,0.0224205092512867,0.982729691297949,0.993687779481404,-6.46513348741223,"Ccl6"
"452",-0.00351947330018874,6.19901943717808,-0.0150907729187556,0.988375111007351,0.994877578842925,-6.46528659405987,"Mr1"
"453",-0.00326263764449892,10.4474687482823,-0.0239768383590208,0.981531119083449,0.993687779481404,-6.46509327801985,"Mif"
"454",0.00270108139673851,8.09503148496912,0.0207697937671916,0.984001005145013,0.993687779481404,-6.46517318790392,"Fas"
"455",0.00254804767235489,11.7407286800275,0.025948298792684,0.980012916391593,0.993687779481404,-6.4650384711618,"Ifitm2"
"456",0.0020641314918215,9.9209932074,0.0194361094620717,0.985028190989192,0.993687779481404,-6.46520304751758,"Eef1g"
"457",-0.000847289788620571,5.21752241230797,-0.00378361934478062,0.997085242754059,0.99949124335559,-6.46540544027219,"Vhl"
"458",-0.000184142172299935,6.00141581962959,-0.00169533521766574,0.998693975024942,0.99949124335559,-6.4654118119441,"Ilf3"
"459",-0.000104567335198322,6.32169878116238,-0.000660410538179415,0.99949124335559,0.99949124335559,-6.46541316964378,"Icam1"
