Probe Name,Class Name,% Samples above Threshold,Avg Count,Min Count,Max Count,%CV,S10.RCC,S11.RCC,S01.RCC,S02.RCC,S03.RCC,S04.RCC,S05 old_12.RCC,S05.RCC,S06.RCC,S07.RCC,S08.RCC,S09.RCC
,,,,,,,Ctla4,Ctla4,Ctr,Ctr,Ctr,Ctr,degraded,Pd1,Pd1,Pd1,Pd1,Ctla4
,,,,,,,,,,,,,,,,,,
A2m,Endogenous,0,17,17,17,0,17,17,17,17,17,17,17,17,17,17,17,17
Abca1,Endogenous,100,1260.34,1040.6,1588.74,12.93,1298.05,1133.25,1228,1040.6,1178.15,1113.94,1446.29,1149.51,1464.23,1234.73,1588.74,1248.61
Abcb1a,Endogenous,100,51.82,29.41,73.64,28.2,62.94,57.05,60.39,47.69,40.16,47.42,29.41,56.65,35.54,37.35,73.64,73.64
Abcg1,Endogenous,100,85.52,60,106.2,15.62,106.2,99.84,77.65,78.42,76.98,60,81.25,91.38,94.43,102.16,78.47,79.5
Abl1,Endogenous,100,54.04,35.99,66.7,16.89,57.69,40.2,53.68,58.28,63.59,50.33,55.72,66.7,61.94,56.02,48.29,35.99
Ada,Endogenous,100,37.34,27.23,43.52,12.6,41.96,27.23,36.43,39.21,32.35,37.74,41.01,34.72,41.63,38.45,33.8,43.52
Adora2a,Endogenous,8.33,17.26,17,20.1,5.19,17,17,17,17,17,17,17,20.1,17,17,17,17
Aicda,Endogenous,0,17,17,17,0,17,17,17,17,17,17,17,17,17,17,17,17
Aire,Endogenous,0,17,17,17,0,17,17,17,17,17,17,17,17,17,17,17,17
Akt3,Endogenous,100,40.69,26.22,61.22,22.66,26.22,37.6,45.06,37.09,41.28,31.94,41.79,61.22,50.77,35.15,35.01,45.19
Alcam,Endogenous,100,410.61,364.35,457.55,8.53,456.28,364.35,367.15,409.03,431.76,392.93,451.14,366.42,433.58,398.76,457.55,398.35
Ambp,Endogenous,100,37207.01,33460.96,42885.11,7.29,36641.73,37267.55,42885.11,35988.67,38659.13,35294.85,34787.69,33460.96,38789.95,34104.49,39635.24,38968.73
Amica1,Endogenous,0,17,17,17,0,17,17,17,17,17,17,17,17,17,17,17,17
Angpt1,Endogenous,0,17,17,17,0,17,17,17,17,17,17,17,17,17,17,17,17
Angpt2,Endogenous,91.67,24.58,17,53,44.17,22.29,24.64,18.21,20.13,18.97,20.32,17,53,24.37,18.67,39.84,17.57
Anp32b,Endogenous,100,862.33,766.14,969.5,6.63,928.3,885.59,850.3,766.14,846.79,804.25,906.16,969.5,828.58,884.3,870.43,807.58
Anxa1,Endogenous,100,57.09,35.47,167.22,62.08,60.31,40.2,35.47,49.8,51.32,40.65,50.3,167.22,54.83,42.84,51.91,40.17
Apoe,Endogenous,100,222563.3,176942.27,237268.17,7.57,226622.55,231313.75,237193.88,236286.22,234023.23,219365.42,209391.62,176942.27,221745.73,220377.44,237268.17,220229.2
App,Endogenous,100,657.56,547.06,940.26,16.24,696.23,560.14,588.6,660.18,623.66,552.62,703.41,940.26,677.28,547.06,635.01,706.32
Arg1,Endogenous,100,16624.27,10266.09,23706.78,20.97,15328.79,19402.68,17087.51,18928.97,14437.9,17367.25,12076.45,10266.09,16194.88,16667.76,23706.78,18026.12
Arg2,Endogenous,0,17,17,17,0,17,17,17,17,17,17,17,17,17,17,17,17
Atf1,Endogenous,100,93.36,73.12,131.12,15.83,131.12,89.47,97.78,73.12,82.56,100.65,90.54,99.6,88.34,84.59,101.41,81.18
Atf2,Endogenous,100,209.91,172.73,239.48,9.71,209.79,202.27,227.19,172.73,194.13,211.95,217.45,211.99,180.74,239.48,237.83,213.4
Atg10,Endogenous,100,87.14,72.81,109.28,11.75,94.4,93.36,109.28,86.89,82.56,78.39,79.7,76.76,90.37,84.59,96.58,72.81
Atg12,Endogenous,100,254.56,215.65,277.97,6.76,277.97,252.84,246.37,233.13,256.6,256.47,249.95,215.65,264.01,263.64,264.39,273.66
Atg16l1,Endogenous,100,217.87,160.56,271.41,14.78,271.41,239.88,250.2,192.86,223.13,210.01,226.73,209.25,206.13,175.76,160.56,248.55
Atg5,Endogenous,100,366.27,305.2,409.33,10.22,368.44,318.97,409.33,406.92,399.41,390.03,314.18,305.2,390.94,373.49,339.24,379.1
Atg7,Endogenous,100,224.76,195.24,280.88,9.86,221.59,211.35,280.88,232.07,195.24,232.27,212.03,200.11,233.55,226.29,236.62,215.07
Atm,Endogenous,100,94.94,71.31,109.88,12.42,89.16,71.31,105.45,78.42,105.99,102.59,109.88,106,91.39,94.47,91.75,92.89
Axl,Endogenous,100,191.19,146.52,238.49,13.12,177.01,146.52,213.77,169.55,184.09,165.49,195.01,238.49,213.24,204.32,185.92,200.85
Batf,Endogenous,8.33,17.79,17,26.5,15.41,17,17,17,17,17,17,17,26.5,17,17,17,17
Bax,Endogenous,100,55.33,47.69,64.84,9.55,56.38,54.46,47.93,47.69,56.9,64.84,59.59,53.91,53.82,54.93,50.7,62.77
Bcl10,Endogenous,100,194.77,137.44,245.19,13.66,245.19,137.44,195.56,182.26,220.9,201.3,201.2,180.01,186.84,180.16,217.31,189.13
Bcl2,Endogenous,16.67,17.49,17,22.84,9.64,17,17,17,17,17,17,17.02,22.84,17,17,17,17
Bcl2l1,Endogenous,100,191.98,165.39,239.94,11.5,239.94,173.75,226.24,188.62,180.74,198.4,205.07,183.67,179.73,185.65,165.39,176.58
Bcl6,Endogenous,100,108.48,28.07,225.61,66.04,191.43,225.61,153.38,28.61,33.47,28.07,88.99,88.63,42.65,88.98,206.44,125.53
Bid,Endogenous,100,152.45,120.84,179.62,10.56,136.36,154.3,172.55,149.41,179.62,150.98,164.83,138.89,149.27,120.84,161.77,150.64
Birc5,Endogenous,8.33,17.33,17,20.92,6.53,17,17,17,17,17,17,17,17,17,17,17,20.92
Blk,Endogenous,0,17,17,17,0,17,17,17,17,17,17,17,17,17,17,17,17
Blnk,Endogenous,8.33,18.93,17,40.21,35.38,17,17,17,17,17,17,17,40.21,17,17,17,17
Bmi1,Endogenous,100,92.89,70.3,108.22,12.49,99.65,73.91,104.49,95.37,108.22,94.84,99.82,101.43,90.37,85.68,90.54,70.3
Bst1,Endogenous,8.33,19.92,17,52.08,50.83,17,17,17,17,17,17,17,52.08,17,17,17,17
Bst2,Endogenous,100,2876.91,2417.58,3367.72,9.69,2778.35,2778.66,3304.38,2740.32,2937.56,2417.58,3367.72,2757.73,3170.13,2873.71,2612.49,2784.26
Btk,Endogenous,91.67,26.95,17,53,36.61,34.09,23.34,32.59,25.43,23.43,17.42,22.44,53,19.29,25.27,17,30.13
Btla,Endogenous,0,17,17,17,0,17,17,17,17,17,17,17,17,17,17,17,17
C1qa,Endogenous,100,613.2,456.8,778.4,16.15,638.54,536.8,778.4,571.16,558.95,456.8,762.23,645.11,680.33,670.09,522.74,537.27
C1qb,Endogenous,100,1301.56,1056.5,1774.42,15.75,1190.54,1176.04,1774.42,1056.5,1242.86,1106.2,1373.55,1459.27,1423.61,1462.12,1116.71,1236.89
C1qbp,Endogenous,100,821.59,758.52,909.57,5.77,776.21,868.74,826.34,758.73,872.46,814.89,802.47,820.56,758.52,909.57,854.73,795.86
C1ra,Endogenous,100,2612.31,2307.06,3055.14,8.77,2523.99,2432.47,3055.14,2629.05,2406.5,2421.45,3017.18,2656.3,2641.1,2597.99,2307.06,2659.56
C1s1,Endogenous,100,3408.31,3029.23,3922.7,8.04,3586.03,3362.15,3922.7,3478.91,3113.84,3029.23,3593.68,3287.71,3467.65,3242.82,3080.9,3734.1
C2,Endogenous,100,1169.1,1037.13,1421.64,11.07,1037.13,1051.56,1421.64,1054.38,1146.91,1050.07,1105.03,1260.07,1232.72,1089.73,1358.16,1221.83
C3,Endogenous,100,42242.41,37428.77,50974.94,8.53,43698.41,40147.36,44327.84,37428.77,40110.62,41776.24,41952.62,38318.52,44946.42,40145.22,50974.94,43081.94
C3ar1,Endogenous,100,58.3,45.19,80.52,18.01,55.07,76.5,80.52,49.8,52.44,56.13,53.39,61.22,50.77,58.22,60.36,45.19
C4b,Endogenous,100,5611.04,4583.56,6589.97,10.96,5164.67,4583.56,6359.53,5484.88,5887.4,5087.75,6589.97,5295.24,6414.39,5402.5,5202.04,5860.58
C5ar1,Endogenous,91.67,27.42,17,47.52,28.04,26.22,31.12,28.76,20.13,23.43,27.1,26.31,47.52,24.37,32.96,24.15,17
C6,Endogenous,100,227.41,154.71,430.42,32.91,229.45,189.31,430.42,154.71,197.47,159.69,279.35,234.84,258.93,202.13,226.96,165.7
C7,Endogenous,8.33,17.87,17,27.41,16.82,17,17,17,17,17,17,17,27.41,17,17,17,17
C8a,Endogenous,100,1815.93,1353.21,2549.78,22.22,1632.4,1437.96,2323.71,1516.39,1519.54,1737.21,2549.78,1985.6,2314.14,1464.32,1956.95,1353.21
C8b,Endogenous,100,2237.31,1694.66,2883.3,18.61,2004.77,1894.37,2821.24,1913.77,2023.83,2193.04,2883.3,2315.47,2867.54,1896.04,2339.65,1694.66
C8g,Endogenous,100,5497.65,4609.92,6168.76,8.31,5328.56,5635.13,6168.76,5731.78,5976.65,5891.02,5692.32,4609.92,4903.45,5076.24,5477.29,5480.65
C9,Endogenous,100,2452.8,1594.23,4029.11,28.78,1989.03,2437.65,4029.11,1753.76,2157.71,2118.52,2624.07,2342.88,2680.7,2166.27,3539.66,1594.23
CD209e,Endogenous,0,17,17,17,0,17,17,17,17,17,17,17,17,17,17,17,17
Camp,Endogenous,0,17,17,17,0,17,17,17,17,17,17,17,17,17,17,17,17
Card11,Endogenous,16.67,20.08,17,53.91,53.07,17,17,17,17,17,17,17.02,53.91,17,17,17,17
Card9,Endogenous,0,17,17,17,0,17,17,17,17,17,17,17,17,17,17,17,17
Casp1,Endogenous,100,51.82,32.35,84.07,31.7,47.2,53.16,72.86,38.15,32.35,35.81,71.97,84.07,55.85,45.04,41.05,44.35
Casp3,Endogenous,100,311.32,270.1,375.45,9.96,270.1,330.64,326.89,278.69,349.21,286.47,306.44,287.83,295.49,324.06,375.45,304.62
Casp8,Endogenous,100,247.2,188.33,293.7,11.62,293.7,237.28,256.91,229.95,229.83,253.56,290.96,249.46,242.68,228.49,188.33,265.29
Ccl1,Endogenous,0,17,17,17,0,17,17,17,17,17,17,17,17,17,17,17,17
Ccl11,Endogenous,8.33,17.41,17,21.93,8.17,17,17,17,17,17,17,17,21.93,17,17,17,17
Ccl12,Endogenous,0,17,17,17,0,17,17,17,17,17,17,17,17,17,17,17,17
Ccl17,Endogenous,0,17,17,17,0,17,17,17,17,17,17,17,17,17,17,17,17
Ccl19,Endogenous,33.33,21.19,17,44.77,43.12,17,17,17,17,17,17,35.6,44.77,20.31,17,17,17.57
Ccl2,Endogenous,91.67,40.62,17,71.27,39.4,40.65,17,52.72,23.31,34.59,22.26,61.13,71.27,39.6,47.24,35.01,42.68
Ccl20,Endogenous,8.33,18.86,17,39.33,34.18,39.33,17,17,17,17,17,17,17,17,17,17,17
Ccl21a,Endogenous,66.67,81.46,17,632.32,214.3,41.96,17,21.09,21.19,44.63,17,84.35,632.32,25.39,17,38.63,17
Ccl22,Endogenous,8.33,17.07,17,17.8,1.35,17,17,17,17,17,17,17.8,17,17,17,17,17
Ccl24,Endogenous,100,57.2,32.78,76.16,22.86,32.78,46.68,74.77,51.92,60.25,39.68,58.04,61.22,76.16,67.01,54.33,63.6
Ccl25,Endogenous,100,34.75,27.46,47.93,18.16,32.78,33.71,47.93,38.15,34.59,28.07,34.05,35.64,31.48,27.46,44.67,28.45
Ccl26,Endogenous,0,17,17,17,0,17,17,17,17,17,17,17,17,17,17,17,17
Ccl27a,Endogenous,100,84.35,65.79,113.48,14.77,89.16,89.47,92.99,87.95,74.75,71.62,73.51,65.79,86.31,83.49,113.48,83.69
Ccl28,Endogenous,0,17,17,17,0,17,17,17,17,17,17,17,17,17,17,17,17
Ccl3,Endogenous,0,17,17,17,0,17,17,17,17,17,17,17,17,17,17,17,17
Ccl4,Endogenous,0,17,17,17,0,17,17,17,17,17,17,17,17,17,17,17,17
Ccl5,Endogenous,91.67,30.17,17,45.69,30.63,27.53,17,45.06,23.31,18.97,21.29,30.18,45.69,33.51,32.96,31.39,35.15
Ccl6,Endogenous,100,35.69,26.56,54.64,22.53,31.47,32.42,54.64,31.79,35.7,32.91,45.66,34.72,41.63,34.05,26.56,26.78
Ccl7,Endogenous,0,17,17,17,0,17,17,17,17,17,17,17,17,17,17,17,17
Ccl8,Endogenous,8.33,17.49,17,22.84,9.65,17,17,17,17,17,17,17,22.84,17,17,17,17
Ccl9,Endogenous,100,1685.62,1381.6,2249.11,12.96,1739.91,1659.68,1786.88,1568.32,1839.74,1624.94,1530.64,1381.6,1498.76,1656.56,2249.11,1691.31
Ccnd3,Endogenous,100,129.04,109.85,153.33,9.47,131.12,119.29,136.12,136.7,120.49,111.3,131.55,135.24,153.33,109.85,127.97,135.57
Ccr1,Endogenous,0,17,17,17,0,17,17,17,17,17,17,17,17,17,17,17,17
Ccr2,Endogenous,66.67,26.52,17,75.84,61.31,17,25.93,24.92,18.01,23.43,17,30.18,75.84,23.35,28.56,17,17
Ccr3,Endogenous,0,17,17,17,0,17,17,17,17,17,17,17,17,17,17,17,17
Ccr4,Endogenous,0,17,17,17,0,17,17,17,17,17,17,17,17,17,17,17,17
Ccr5,Endogenous,100,42.36,26.56,70.94,31.37,28.85,29.82,70.94,43.45,37.93,27.1,52.62,44.77,53.82,43.94,26.56,48.54
Ccr6,Endogenous,8.33,18.1,17,30.15,20.98,17,17,17,17,17,17,17,30.15,17,17,17,17
Ccr7,Endogenous,8.33,18.63,17,36.55,30.29,17,17,17,17,17,17,17,36.55,17,17,17,17
Ccr8,Endogenous,0,17,17,17,0,17,17,17,17,17,17,17,17,17,17,17,17
Ccr9,Endogenous,0,17,17,17,0,17,17,17,17,17,17,17,17,17,17,17,17
Ccrl2,Endogenous,100,26.14,19.17,33.81,15.34,24.91,25.93,19.17,27.55,23.43,21.29,27.86,33.81,23.35,28.56,30.18,27.62
Cd14,Endogenous,100,41.4,29.45,63.05,25.41,56.38,31.12,48.89,30.73,45.74,40.65,41.79,63.05,29.45,38.45,36.22,34.31
Cd160,Endogenous,0,17,17,17,0,17,17,17,17,17,17,17,17,17,17,17,17
Cd163,Endogenous,100,100.84,61.57,143.17,19.85,107.52,103.73,101.61,101.73,89.25,97.75,99.82,99.6,143.17,81.29,61.57,123.02
Cd164,Endogenous,100,3359.59,2806.86,3776.31,7.41,3394.6,3425.68,3563.21,3495.87,3374.91,3369.89,3776.31,3190.85,3499.13,3354.86,2806.86,3062.93
Cd180,Endogenous,100,70.31,36.78,102.34,29.77,47.2,50.57,91.07,67.82,65.82,36.78,94.41,102.34,90.37,71.4,53.12,72.81
Cd19,Endogenous,0,17,17,17,0,17,17,17,17,17,17,17,17,17,17,17,17
Cd1d1,Endogenous,100,5911.72,5253.2,6379.44,4.87,5660.29,6236.76,6092.07,5956.43,5831.61,6074.91,5926.02,5253.2,5772.65,5880.35,5876.89,6379.44
Cd1d2,Endogenous,100,75.91,58.07,97.49,16.4,60.31,67.42,74.77,97.49,85.91,58.07,88.99,63.96,74.13,76.9,89.34,73.64
Cd2,Endogenous,8.33,17.03,17,17.36,0.61,17,17,17,17,17,17,17,17.36,17,17,17,17
Cd200,Endogenous,8.33,20.84,17,63.05,63.8,17,17,17,17,17,17,17,63.05,17,17,17,17
Cd200r1,Endogenous,41.67,20.4,17,29.72,24.58,17,17,29.72,26.49,17,17,17.8,27.41,24.37,17,17,17
Cd207,Endogenous,100,57.84,28.56,85.23,28.71,85.23,62.24,73.81,58.28,53.55,66.78,73.51,53.91,60.93,28.56,33.8,43.52
Cd22,Endogenous,8.33,18.17,17,31.07,22.35,17,17,17,17,17,17,17,31.07,17,17,17,17
Cd244,Endogenous,0,17,17,17,0,17,17,17,17,17,17,17,17,17,17,17,17
Cd247,Endogenous,33.33,18.49,17,26.5,16.94,17,23.34,17,19.07,17,17,17.02,26.5,17,17,17,17
Cd27,Endogenous,0,17,17,17,0,17,17,17,17,17,17,17,17,17,17,17,17
Cd274,Endogenous,100,44.43,28.53,65.79,29.12,30.16,28.53,63.27,33.91,37.93,34.84,51.85,65.79,55.85,43.94,51.91,35.15
Cd276,Endogenous,100,65.93,53.16,77.17,13.17,66.87,53.16,75.73,56.16,63.59,59.04,70.42,68.53,77.17,69.21,54.33,76.99
Cd28,Endogenous,0,17,17,17,0,17,17,17,17,17,17,17,17,17,17,17,17
Cd33,Endogenous,0,17,17,17,0,17,17,17,17,17,17,17,17,17,17,17,17
Cd34,Endogenous,75,53.91,17,336.26,166.92,27.53,17,17,21.19,31.24,18.39,56.49,336.26,53.82,17,32.6,18.41
Cd36,Endogenous,100,859.7,508.07,1383.51,32.86,878.48,881.7,508.07,769.32,955.01,632.94,570.32,1221.7,579.8,751.38,1383.51,1184.17
Cd37,Endogenous,100,52.77,30.12,160.82,66.36,48.51,36.31,47.93,31.79,30.12,37.74,53.39,160.82,46.71,36.25,54.33,49.38
Cd38,Endogenous,100,261.09,213.68,311.59,13.32,222.9,282.66,305.8,223.59,239.87,244.85,305.66,311.59,274.16,243.87,213.68,264.45
Cd3d,Endogenous,83.33,26.07,17,41.12,30.14,22.29,17,36.43,27.55,22.31,17,21.67,41.12,26.4,23.07,36.22,21.76
Cd3e,Endogenous,16.67,17.05,17,17.36,0.72,17,17,17.26,17,17,17,17,17.36,17,17,17,17
Cd3eap,Endogenous,8.33,17.16,17,18.97,3.31,17,17,17,17,18.97,17,17,17,17,17,17,17
Cd3g,Endogenous,50,20.03,17,29.24,19.69,17,17,19.17,17,17,20.32,23.22,29.24,23.35,23.07,17,17
Cd4,Endogenous,0,17,17,17,0,17,17,17,17,17,17,17,17,17,17,17,17
Cd40,Endogenous,25,18.22,17,26.5,15.61,17,17,18.21,17,17,17,17,26.5,17,20.87,17,17
Cd40lg,Endogenous,0,17,17,17,0,17,17,17,17,17,17,17,17,17,17,17,17
Cd44,Endogenous,0,17,17,17,0,17,17,17,17,17,17,17,17,17,17,17,17
Cd46,Endogenous,0,17,17,17,0,17,17,17,17,17,17,17,17,17,17,17,17
Cd47,Endogenous,100,978.16,859.66,1090.89,7.26,1090.89,859.66,932.74,918.74,1061,945.54,1003.66,973.15,1044.86,951.31,1046.69,909.67
Cd48,Endogenous,100,49.39,33.71,84.98,30.49,39.33,33.71,58.48,34.97,49.09,38.71,56.49,84.98,46.71,35.15,63.98,51.05
Cd5,Endogenous,8.33,17.11,17,18.28,2.15,17,17,17,17,17,17,17,18.28,17,17,17,17
Cd53,Endogenous,8.33,17.2,17,19.36,3.96,17,17,17,17,17,19.36,17,17,17,17,17,17
Cd55,Endogenous,100,120.36,98.72,198.29,22.55,135.05,124.48,126.54,99.61,111.57,98.72,123.04,198.29,102.56,109.85,105.03,109.63
Cd59b,Endogenous,100,27.56,17.8,39.6,22.04,35.4,27.23,29.72,32.85,23.43,24.2,17.8,24.67,39.6,27.46,26.56,21.76
Cd6,Endogenous,0,17,17,17,0,17,17,17,17,17,17,17,17,17,17,17,17
Cd63,Endogenous,100,105.21,59.04,286.01,61.81,146.85,77.8,70.94,75.24,80.33,59.04,153.99,286.01,98.5,62.62,91.75,59.42
Cd68,Endogenous,100,190.68,161.77,243.49,13.04,187.5,172.45,243.49,165.31,161.77,164.53,195.78,201.94,218.31,212.01,183.5,181.6
Cd69,Endogenous,8.33,18.02,17,29.24,19.61,17,17,17,17,17,17,17,29.24,17,17,17,17
Cd7,Endogenous,16.67,17.51,17,20.89,7.06,17,17,19.17,17,17,17,20.89,17,17,17,17,17
Cd70,Endogenous,0,17,17,17,0,17,17,17,17,17,17,17,17,17,17,17,17
Cd74,Endogenous,100,2295.64,1292.02,5028.42,47.46,1481.61,1483.34,2978.45,1548.18,1415.79,1292.02,3394.81,5028.42,2466.45,1938.88,2045.08,2474.62
Cd79a,Endogenous,0,17,17,17,0,17,17,17,17,17,17,17,17,17,17,17,17
Cd79b,Endogenous,50,36.61,17,195.54,138.17,17,17,19.17,17,37.93,17,23.22,195.54,17,17,33.8,27.62
Cd80,Endogenous,25,17.27,17,19.29,3.84,17,17,17,17,17,17,17,17.36,19.29,17,17,17.57
Cd81,Endogenous,100,4314.67,4028.59,4628.4,3.94,4628.4,4317.76,4146.06,4523.75,4526.28,4221.56,4248.35,4251.72,4282.01,4273.22,4028.59,4328.28
Cd83,Endogenous,100,46.33,30.16,90.46,36.09,30.16,35.01,54.64,36.03,36.82,40.65,44.11,90.46,49.76,39.55,62.78,35.99
Cd84,Endogenous,100,73.33,43.27,105.08,21.53,43.27,72.61,91.07,54.04,73.63,81.3,75.06,105.08,73.11,75.8,66.4,68.62
Cd86,Endogenous,100,68.32,50.86,87.85,17.78,87.85,59.64,83.4,50.86,69.17,52.26,78.16,71.27,56.86,79.09,67.61,63.6
Cd8a,Endogenous,0,17,17,17,0,17,17,17,17,17,17,17,17,17,17,17,17
Cd8b1,Endogenous,0,17,17,17,0,17,17,17,17,17,17,17,17,17,17,17,17
Cd9,Endogenous,100,219.43,108.92,445.91,43.03,262.23,108.92,199.39,298.83,160.66,205.17,276.26,445.91,113.73,130.72,222.13,209.22
Cd96,Endogenous,0,17,17,17,0,17,17,17,17,17,17,17,17,17,17,17,17
Cd97,Endogenous,100,188.88,158.43,246.72,12.77,197.99,163.37,213.77,182.26,158.43,168.4,185.72,246.72,186.84,193.34,173.84,195.83
Cd99,Endogenous,100,156.9,109.85,175.66,11.78,157.34,160.78,161.05,174.85,175.16,139.36,175.66,162.65,145.2,109.85,159.36,161.52
Cdh1,Endogenous,100,464.51,243.53,759.36,33.37,540.2,337.12,682.54,392.08,329.12,422.93,588.89,519.02,359.46,399.86,759.36,243.53
Cdh5,Endogenous,100,208.18,176.34,245.8,10.1,208.47,176.34,212.82,212.99,229.83,177.11,206.61,245.8,218.31,223,183.5,203.36
Cdk1,Endogenous,0,17,17,17,0,17,17,17,17,17,17,17,17,17,17,17,17
Cdkn1a,Endogenous,100,138.4,63.27,280.59,54.16,280.59,80.39,63.27,89.01,81.44,108.39,259.23,212.91,174.65,93.37,127.97,89.54
Ceacam1,Endogenous,100,895.3,806.5,1059.97,7.5,938.79,806.5,934.66,898.6,912.62,873.93,866.69,815.99,909.81,841.46,1059.97,884.57
Cebpb,Endogenous,100,1085.95,658.58,1704.51,26.73,1704.51,1133.25,658.58,729.06,745.27,1142.98,1270.63,1083.72,1167.73,1163.33,936.83,1295.47
Cfb,Endogenous,100,4972.41,4578.85,5690.41,5.97,4826.39,4867.52,5690.41,4650.91,5055.11,4847.73,4884.44,4578.85,5048.65,5197.07,4818.14,5203.64
Cfd,Endogenous,41.67,314.84,17,3481.42,316.81,17,17,17,17,20.08,17,91.31,3481.42,26.4,17,39.84,17
Cfh,Endogenous,100,7627.15,6342.15,8464.86,9.96,8464.86,6459.78,8076.43,6342.15,7915.69,7555.65,8373.65,7634.46,8062.41,8333.33,6585.55,7721.78
Cfi,Endogenous,100,9002.47,7169.36,10531.47,9.37,8729.72,8588.83,10531.47,8802.72,9430.77,8682.17,8549.31,7169.36,9835.33,9129.76,9776.31,8803.85
Cfp,Endogenous,100,359.15,258.56,485.21,23.75,327.79,278.77,478.35,258.56,306.81,264.21,396.2,485.21,419.37,428.42,264.39,401.7
Chil3,Endogenous,0,17,17,17,0,17,17,17,17,17,17,17,17,17,17,17,17
Chit1,Endogenous,0,17,17,17,0,17,17,17,17,17,17,17,17,17,17,17,17
Chuk,Endogenous,100,1471.42,1320.35,1721.72,8,1458.01,1354.97,1466.7,1320.35,1592.06,1721.72,1595.64,1329.52,1490.63,1456.63,1441.46,1429.37
Ciita,Endogenous,8.33,17.56,17,23.76,11.11,17,17,17,17,17,17,17,23.76,17,17,17,17
Cklf,Endogenous,0,17,17,17,0,17,17,17,17,17,17,17,17,17,17,17,17
Clec4a2,Endogenous,41.67,19.64,17,25.39,17.11,17,17,22.05,17,17,22.26,23.22,23.76,25.39,17,17,17
Clec4n,Endogenous,100,31.68,27.1,38.35,11.86,32.78,32.42,38.35,27.55,32.35,27.1,37.92,30.15,28.43,28.56,30.18,34.31
Clec5a,Endogenous,0,17,17,17,0,17,17,17,17,17,17,17,17,17,17,17,17
Clec7a,Endogenous,100,80.48,53.16,144.75,33.94,59,53.16,144.75,68.88,53.55,55.16,83.57,110.56,79.2,71.4,97.79,88.71
Clu,Endogenous,100,24710.59,21990.54,30015.12,9.34,30015.12,23863.06,27055.31,22583.78,22645.9,24286.08,23408.46,21990.54,24674.63,23520.3,26414.64,26069.26
Cma1,Endogenous,0,17,17,17,0,17,17,17,17,17,17,17,17,17,17,17,17
Cmah,Endogenous,100,1106.16,873.17,1363.49,12.9,1180.05,978.95,1105.3,873.17,1121.25,1170.08,1363.49,1201.59,1263.18,1099.61,968.21,949.01
Cmklr1,Endogenous,100,58.49,37.74,106,30.39,60.31,58.35,62.31,41.33,40.16,37.74,58.81,106,62.96,57.12,50.7,66.11
Cmpk2,Endogenous,100,158.72,118.31,225.7,24.17,154.72,119.29,183.1,130.34,148.38,131.62,205.07,225.7,214.25,130.72,118.31,143.1
Col1a1,Endogenous,100,167.52,89.04,498.91,65.69,120.63,108.92,117.91,118.68,186.32,89.04,175.66,498.91,181.76,119.74,184.71,107.96
Col3a1,Endogenous,100,494.97,226.47,1897.88,92.82,361.88,293.04,272.25,268.1,572.34,226.47,603.59,1897.88,473.18,259.25,423.74,287.88
Col4a1,Endogenous,100,157.61,107.43,230.27,20.09,175.7,134.85,128.46,129.28,165.12,107.43,174.11,230.27,174.65,161.48,148.49,161.52
Colec12,Endogenous,100,530.58,430.15,620.31,12.02,532.33,446.04,562.71,560.57,620.31,503.26,614.42,513.53,580.82,552.55,450.3,430.15
Cr2,Endogenous,8.33,17.64,17,24.67,12.55,17,17,17,17,17,17,17,24.67,17,17,17,17
Creb1,Endogenous,100,133.65,101.53,152.11,9.99,135.05,140.04,131.33,117.62,101.53,132.59,133.1,137.06,141.14,148.3,152.11,133.9
Creb5,Endogenous,0,17,17,17,0,17,17,17,17,17,17,17,17,17,17,17,17
Crebbp,Endogenous,100,383.03,331.68,469.4,9.58,469.4,377.32,404.54,331.68,340.28,375.51,411.68,367.33,402.11,354.82,374.25,387.47
Crp,Endogenous,100,4895.04,4148.47,5329.87,7.33,5329.87,5295.41,5099.89,4843.77,4577.6,4829.34,5298.44,4148.47,4953.2,4592.89,5110.29,4661.35
Csf1,Endogenous,100,121.19,91.75,202.85,27.31,110.14,93.36,144.75,97.49,109.34,92.91,148.58,202.85,144.19,110.95,91.75,107.96
Csf1r,Endogenous,100,836.69,681.37,1126.39,15.37,788.01,768.9,1126.39,681.37,773.16,709.4,916.22,827.87,957.54,935.93,711.07,844.4
Csf2,Endogenous,0,17,17,17,0,17,17,17,17,17,17,17,17,17,17,17,17
Csf2rb,Endogenous,100,43.79,28.53,58.22,22.66,43.27,28.53,46.97,39.21,39.05,33.87,46.43,49.34,56.86,58.22,30.18,53.56
Csf3,Endogenous,0,17,17,17,0,17,17,17,17,17,17,17,17,17,17,17,17
Csf3r,Endogenous,8.33,17.18,17,19.19,3.68,17,17,17,17,17,17,17,19.19,17,17,17,17
Cspg4,Endogenous,0,17,17,17,0,17,17,17,17,17,17,17,17,17,17,17,17
Ctla4,Endogenous,0,17,17,17,0,17,17,17,17,17,17,17,17,17,17,17,17
Ctsg,Endogenous,0,17,17,17,0,17,17,17,17,17,17,17,17,17,17,17,17
Ctsh,Endogenous,100,3144.2,2865.55,3432.84,5.4,3159.9,3149.5,3432.84,3028.55,3358.17,3199.56,3310.46,2865.55,3032.03,2976.97,3002.43,3214.41
Ctsl,Endogenous,100,1747.16,1296.62,2400.01,15.59,1498.66,1618.19,1847.27,1912.71,1930.11,1670.43,1790.65,1296.62,1749.56,1618.11,2400.01,1633.57
Ctss,Endogenous,100,702.73,543.61,961.5,20.45,597.89,599.04,961.5,543.61,592.42,552.62,814.07,878.12,842.8,771.16,600,679.54
Ctsw,Endogenous,0,17,17,17,0,17,17,17,17,17,17,17,17,17,17,17,17
Cx3cl1,Endogenous,16.67,18.62,17,30.16,21.82,30.16,23.34,17,17,17,17,17,17,17,17,17,17
Cx3cr1,Endogenous,25,17.65,17,20.31,6.86,17,17,17,17,17,17,19.35,19.19,20.31,17,17,17
Cxcl1,Endogenous,91.67,34.42,17,83.4,50.71,36.71,22.04,83.4,29.67,18.97,17,33.27,23.76,36.56,29.66,41.05,41.01
Cxcl10,Endogenous,100,91.84,51.29,163.28,34.19,65.56,63.53,110.24,68.88,69.17,51.29,163.28,116.05,114.74,91.18,86.92,101.26
Cxcl11,Endogenous,0,17,17,17,0,17,17,17,17,17,17,17,17,17,17,17,17
Cxcl12,Endogenous,100,4057.67,3245.67,4619.13,8.95,4186.54,4015.64,4586.07,3866.75,4259.63,3792.83,3960.48,3245.67,4619.13,3938.18,4085.34,4135.8
Cxcl13,Endogenous,100,114.09,50.86,500.74,107.79,70.8,73.91,107.37,50.86,68.06,70.65,90.54,500.74,102.56,94.47,57.95,81.18
Cxcl14,Endogenous,91.67,24.98,17,31.8,18.26,27.53,27.23,28.76,28.61,24.54,27.1,21.67,26.5,20.31,18.67,17,31.8
Cxcl15,Endogenous,0,17,17,17,0,17,17,17,17,17,17,17,17,17,17,17,17
Cxcl16,Endogenous,100,164.78,138.92,219.3,13.9,191.43,158.19,175.43,147.29,159.54,147.11,155.54,219.3,179.73,151.6,153.32,138.92
Cxcl2,Endogenous,0,17,17,17,0,17,17,17,17,17,17,17,17,17,17,17,17
Cxcl3,Endogenous,0,17,17,17,0,17,17,17,17,17,17,17,17,17,17,17,17
Cxcl5,Endogenous,8.33,36.78,17,254.37,186.3,254.37,17,17,17,17,17,17,17,17,17,17,17
Cxcl9,Endogenous,100,456.67,224.53,828.78,39.76,264.85,326.75,656.66,364.53,294.54,224.53,828.78,601.25,587.93,399.86,479.28,451.07
Cxcr1,Endogenous,0,17,17,17,0,17,17,17,17,17,17,17,17,17,17,17,17
Cxcr2,Endogenous,0,17,17,17,0,17,17,17,17,17,17,17,17,17,17,17,17
Cxcr3,Endogenous,16.67,17.29,17,20.1,5.16,17,17,17,17,17,17.42,17,20.1,17,17,17,17
Cxcr4,Endogenous,33.33,20.81,17,53.91,50.78,17,17,17,17,17,17,19.35,53.91,17,17,22.94,17.57
Cxcr5,Endogenous,8.33,17.87,17,27.41,16.82,17,17,17,17,17,17,17,27.41,17,17,17,17
Cxcr6,Endogenous,58.33,21.74,17,37.39,28.47,17,17,37.39,17,23.43,17,25.54,27.41,23.35,18.67,17,20.08
Cybb,Endogenous,100,250.39,181.2,350.86,21.13,226.83,226.91,350.86,181.2,217.56,213.88,273.16,337.18,281.27,271.33,216.1,208.38
Cyfip2,Endogenous,41.67,24.23,17,58.48,52.21,17,17,21.09,17,17,17,37.92,58.48,17,25.27,28.97,17
Cyld,Endogenous,100,86.29,46.43,124.27,22.49,114.07,85.58,91.07,86.89,76.98,77.42,46.43,124.27,76.16,80.19,89.34,87.03
Ddx58,Endogenous,100,409.94,343.57,474.56,11.52,355.32,474.56,438.09,351.81,362.59,343.57,420.19,420.33,469.12,459.18,426.16,398.35
Ddx60,Endogenous,100,84,70.65,108.65,12.65,79.98,81.69,89.15,75.24,76.98,70.65,95.18,84.98,108.65,91.18,74.85,79.5
Defb1,Endogenous,100,56.4,39.6,74.48,20.53,52.45,57.05,66.15,62.52,62.48,46.45,46.43,52.08,39.6,73.6,43.46,74.48
Dll4,Endogenous,100,37.14,23.01,47.72,19.79,26.22,45.38,23.01,31.79,44.63,38.71,36.37,36.55,47.72,37.35,38.63,39.33
Dmbt1,Endogenous,25,1657.21,17,13236.18,246.87,13236.18,17,17,17,17,17,6470.8,26.5,17,17,17,17
Dock9,Endogenous,100,60.08,30.76,77.65,22.55,57.69,67.42,77.65,56.16,45.74,49.36,63.45,76.76,59.91,30.76,72.44,63.6
Dpp4,Endogenous,100,973.92,915.97,1073.6,5.15,953.21,1073.6,1012.31,938.87,915.97,933.93,931.7,943.91,938.25,1029.31,1020.13,995.87
Dusp4,Endogenous,91.67,30.14,17,41.12,27.48,24.91,17,30.68,39.21,22.31,40.65,29.41,41.12,38.59,31.86,21.73,24.27
Dusp6,Endogenous,100,509.44,327.98,687.25,24.43,529.71,422.7,605.85,664.42,687.25,665.85,498.35,474.24,327.98,337.24,417.71,482.04
Ebi3,Endogenous,8.33,17.1,17,18.21,2.05,17,17,18.21,17,17,17,17,17,17,17,17,17
Ecsit,Endogenous,100,168.85,148.25,203.46,11.7,152.09,155.59,202.27,203.46,184.09,166.46,153.99,156.25,148.25,151.6,182.29,169.88
Egfr,Endogenous,100,1545.87,1075.51,2326.14,25.36,1684.84,1495.01,2243.19,1229.22,1075.51,1281.37,2326.14,1721.52,1526.17,1344.58,1290.55,1332.29
Egr1,Endogenous,100,165.9,54.46,728.56,114.32,106.2,54.46,728.56,218.29,236.52,211.95,68.87,78.58,56.86,58.22,86.92,85.36
Egr2,Endogenous,0,17,17,17,0,17,17,17,17,17,17,17,17,17,17,17,17
Egr3,Endogenous,0,17,17,17,0,17,17,17,17,17,17,17,17,17,17,17,17
Elane,Endogenous,0,17,17,17,0,17,17,17,17,17,17,17,17,17,17,17,17
Elk1,Endogenous,0,17,17,17,0,17,17,17,17,17,17,17,17,17,17,17,17
Emr1,Endogenous,100,359.53,268.1,519.58,19.66,385.48,321.56,519.58,268.1,295.65,279.7,424.83,405.71,369.61,368,316.3,359.85
Eng,Endogenous,100,410.37,362.18,472.02,8.32,472.02,391.58,362.36,460.96,407.22,383.25,416.32,416.67,416.32,433.91,362.18,401.7
Entpd1,Endogenous,100,63.51,45.49,92.29,20.76,60.31,55.75,78.61,59.34,55.78,45.49,71.97,92.29,62.96,49.43,72.44,57.74
Eomes,Endogenous,0,17,17,17,0,17,17,17,17,17,17,17,17,17,17,17,17
Ep300,Endogenous,100,182.43,148.38,211.93,10.2,200.61,149.11,183.1,211.93,148.38,173.24,184.95,181.84,186.84,183.45,190.75,194.99
Epcam,Endogenous,33.33,31.9,17,149.47,118.72,149.47,27.23,17,17,26.78,17,43.33,17,17,17,17,17
Epsti1,Endogenous,0,17,17,17,0,17,17,17,17,17,17,17,17,17,17,17,17
Erbb2,Endogenous,16.67,18.18,17,30.16,20.81,30.16,17,17,18.01,17,17,17,17,17,17,17,17
Ets1,Endogenous,100,309.53,229.95,435.86,17.64,317.3,282.66,262.66,229.95,288.96,268.08,379.95,435.86,308.69,324.06,298.19,318.01
Ewsr1,Endogenous,100,524.27,467.47,608.23,9.45,538.89,475.86,601.06,470.5,467.47,543.91,608.23,540.03,468.11,525.09,554.13,497.94
F12,Endogenous,100,3305.47,2811.64,3552.67,5.89,3193.99,3299.91,3552.67,3162.07,3454.12,3269.24,3274.86,2811.64,3394.54,3342.78,3463.6,3446.22
F13a1,Endogenous,8.33,20.76,17,62.14,62.76,17,17,17,17,17,17,17,62.14,17,17,17,17
F2rl1,Endogenous,0,17,17,17,0,17,17,17,17,17,17,17,17,17,17,17,17
Fadd,Endogenous,100,61.31,47.98,74.75,14.47,59,47.98,53.68,65.7,74.75,65.81,69.65,56.65,73.11,64.81,51.91,52.72
Fap,Endogenous,8.33,17.33,17,21.02,6.69,17,17,17,17,17,17,17,21.02,17,17,17,17
Fas,Endogenous,100,282,238.58,319.59,9.81,302.88,238.58,308.68,290.35,283.38,247.76,319.59,270.47,305.64,239.48,280.08,297.09
Fasl,Endogenous,0,17,17,17,0,17,17,17,17,17,17,17,17,17,17,17,17
Fcer1a,Endogenous,0,17,17,17,0,17,17,17,17,17,17,17,17,17,17,17,17
Fcer1g,Endogenous,100,118.77,66.13,153.38,20.82,125.87,66.13,153.38,101.73,107.1,86.13,128.46,143.46,135.05,132.92,119.52,125.53
Fcer2a,Endogenous,0,17,17,17,0,17,17,17,17,17,17,17,17,17,17,17,17
Fcgr1,Endogenous,100,89.16,59.34,133.25,25.14,85.23,77.8,133.25,59.34,71.4,72.59,115.3,101.43,89.36,115.34,76.06,72.81
Fcgr2b,Endogenous,100,1307.78,1181.9,1437.83,6.17,1317.72,1216.23,1392.88,1280.09,1376.74,1358.8,1333.32,1277.44,1437.83,1327.01,1181.9,1193.37
Fcgr3,Endogenous,100,66.73,47.69,102.57,25.02,53.76,58.35,102.57,47.69,50.21,73.55,58.81,77.67,73.11,68.11,50.7,86.2
Fcgr4,Endogenous,100,165.67,108.92,274.17,30.6,137.67,108.92,274.17,121.86,114.91,132.59,218.99,199.2,169.57,186.75,126.76,196.66
Fez1,Endogenous,0,17,17,17,0,17,17,17,17,17,17,17,17,17,17,17,17
Flt3,Endogenous,0,17,17,17,0,17,17,17,17,17,17,17,17,17,17,17,17
Flt3l,Endogenous,100,32.48,24.54,41.05,14.35,35.4,31.12,33.55,38.15,24.54,26.13,30.95,34.72,33.51,29.66,41.05,30.96
Fn1,Endogenous,100,7183.17,6370.31,8379.84,7.81,7560.16,6370.31,7142.72,6597.53,6993.03,7140.46,8379.84,6553.48,7813.63,7050.27,7266.44,7330.12
Fos,Endogenous,50,26.17,17,66.15,57.49,31.47,17,66.15,21.19,30.12,17,20.12,42.95,17,17,17,17
Foxj1,Endogenous,0,17,17,17,0,17,17,17,17,17,17,17,17,17,17,17,17
Foxp3,Endogenous,0,17,17,17,0,17,17,17,17,17,17,17,17,17,17,17,17
Fpr2,Endogenous,100,30.16,17.42,42.03,28.12,27.53,23.34,41.22,24.37,21.2,17.42,39.47,42.03,23.35,32.96,31.39,37.66
Fut7,Endogenous,0,17,17,17,0,17,17,17,17,17,17,17,17,17,17,17,17
Fyn,Endogenous,100,138.79,107.03,175.67,16.5,140.29,119.29,144.75,107.03,152.85,133.56,137.74,175.44,175.67,150.5,108.65,119.67
Gata3,Endogenous,0,17,17,17,0,17,17,17,17,17,17,17,17,17,17,17,17
Gbp2b,Endogenous,100,79.97,37.74,160.09,51.47,47.2,44.09,160.09,50.86,44.63,37.74,124.59,124.27,91.39,76.9,48.29,109.63
Gbp5,Endogenous,91.67,34.16,17,76.76,51.19,17,23.34,43.14,23.31,26.78,19.36,57.26,76.76,31.48,31.86,36.22,23.43
Gfi1,Endogenous,0,17,17,17,0,17,17,17,17,17,17,17,17,17,17,17,17
Glycam1,Endogenous,8.33,18.71,17,37.46,31.58,17,17,17,17,17,17,17,37.46,17,17,17,17
Gpi1,Endogenous,100,1605.14,1425.58,1839.4,6.48,1560.28,1649.31,1585.57,1606.47,1568.63,1425.58,1587.13,1839.4,1486.57,1631.29,1611.68,1709.72
Gpr183,Endogenous,0,17,17,17,0,17,17,17,17,17,17,17,17,17,17,17,17
Gpr44,Endogenous,0,17,17,17,0,17,17,17,17,17,17,17,17,17,17,17,17
Gtf3c1,Endogenous,100,243.05,194.98,291.08,10.63,291.08,219.13,263.62,194.98,232.06,225.5,261.56,238.49,242.68,227.39,252.32,267.8
Gzma,Endogenous,75,23.04,17,33.27,24.42,26.22,17,24.92,17,24.54,17,33.27,31.98,24.37,20.87,21.73,17.57
Gzmb,Endogenous,0,17,17,17,0,17,17,17,17,17,17,17,17,17,17,17,17
Gzmk,Endogenous,0,17,17,17,0,17,17,17,17,17,17,17,17,17,17,17,17
Gzmm,Endogenous,0,17,17,17,0,17,17,17,17,17,17,17,17,17,17,17,17
H2-Aa,Endogenous,100,1453.86,774.24,3023.63,47.23,839.14,945.24,1999.69,951.59,931.59,774.24,2244.89,3023.63,1755.66,1308.33,1203.63,1468.7
H2-Ab1,Endogenous,100,847.18,402.61,1760.82,46.95,528.4,562.73,1155.14,552.09,565.65,402.61,1324.8,1760.82,962.62,715.13,775.05,861.14
H2-D1,Endogenous,100,4920.4,3933.16,6292.42,14.4,4522.2,4593.94,6292.42,4660.45,4203.85,3933.16,5697.74,5588.55,5392.88,4771.95,4235.03,5152.59
H2-DMb1,Endogenous,91.67,34.92,17,53.39,28.84,35.4,17,47.93,27.55,29.01,34.84,53.39,43.86,38.59,31.86,25.35,34.31
H2-DMb2,Endogenous,41.67,26.58,17,120.62,111.62,17,17,23.01,17,17,17,17.8,120.62,19.29,17,17,19.25
H2-Dma,Endogenous,100,79.49,43.55,127.93,31.58,59,53.16,106.41,72.06,65.82,43.55,110.66,127.93,90.37,81.29,72.44,71.13
H2-Ea-ps,Endogenous,0,17,17,17,0,17,17,17,17,17,17,17,17,17,17,17,17
H2-Eb1,Endogenous,100,289.26,143.24,667.96,51.63,180.94,184.12,336.48,185.44,210.86,143.24,467.4,667.96,301.58,215.31,263.18,314.66
H2-K1,Endogenous,100,6452,5538.86,7938.76,12.23,6217.53,6002.07,7717.9,5874.84,5703.31,5680.04,7938.76,6818.48,6578.89,6353.81,5538.86,6999.56
H2-M3,Endogenous,100,43.29,27.23,67.62,24.84,39.33,27.23,41.22,47.69,55.78,39.68,47.98,67.62,32.49,40.65,44.67,35.15
H2-Ob,Endogenous,8.33,17.41,17,21.93,8.17,17,17,17,17,17,17,17,21.93,17,17,17,17
H2-Q1,Endogenous,100,40.55,21.29,56.16,25.16,31.47,41.49,52.72,56.16,43.51,21.29,36.37,38.38,46.71,50.53,38.63,29.29
H2-Q10,Endogenous,100,29123.13,24807.66,33760.22,7.64,29339.87,29244.05,29474.88,25914.34,33760.22,29174.46,29399.49,24807.66,28597.19,30070.74,30728.14,28966.49
H2-Q2,Endogenous,0,17,17,17,0,17,17,17,17,17,17,17,17,17,17,17,17
H2-T23,Endogenous,100,4712.95,4095.75,5581.7,10.44,4652,4263.3,5427.74,4200.55,5581.7,4095.75,4848.84,4429.91,5237.52,4402.85,4507.87,4907.39
H60a,Endogenous,0,17,17,17,0,17,17,17,17,17,17,17,17,17,17,17,17
Hamp,Endogenous,100,28966.09,14649.4,40689.38,23.48,29212.69,27417.11,26121.61,40689.38,27021.56,30146.14,21223.16,14649.4,33014.25,37337.41,30800.58,29959.86
Havcr2,Endogenous,33.33,17.59,17,21.19,7.21,17,17,17,21.19,18.97,17,17,17.36,17,17,17,17.57
Hc,Endogenous,100,2154.8,1878.81,2565.28,8.85,2072.95,1878.81,2565.28,1978.41,2018.25,2153.36,2260.37,2042.25,2350.69,2231.08,2028.18,2277.95
Hck,Endogenous,100,70.66,47.98,84.35,15.95,83.91,47.98,79.57,56.16,71.4,68.71,84.35,84.07,70.06,67.01,65.19,69.46
Hcst,Endogenous,0,17,17,17,0,17,17,17,17,17,17,17,17,17,17,17,17
Herc6,Endogenous,100,205.01,156.94,262.99,15.44,246.5,221.72,225.28,176.97,222.02,173.24,207.39,189.15,262.99,195.54,156.94,182.44
Hif1a,Endogenous,100,679.3,606.13,760.17,7.49,611,672.95,719.93,606.13,613.62,718.11,709.61,672.53,716.88,760.17,643.46,707.15
Hmgb1,Endogenous,100,874.1,829.38,944.97,4.22,874.55,903.75,935.62,851.98,944.97,869.09,850.44,842.49,881.38,864.53,829.38,841.05
Hras,Endogenous,0,17,17,17,0,17,17,17,17,17,17,17,17,17,17,17,17
Hsd11b1,Endogenous,100,9672.26,7689.29,10943.62,9.92,9246.31,9340.88,10009.98,10699.53,10943.62,10118.39,9081.71,7689.29,8696.03,10058,9341.7,10841.62
Hspb2,Endogenous,66.67,23.31,17,74.93,70.84,17,17,17.26,17,26.78,18.39,17.8,74.93,17.26,17,21.73,17.57
Icam1,Endogenous,100,88.02,68.71,119.17,18.26,77.36,88.17,97.78,79.48,93.72,68.71,119.17,113.31,92.4,79.09,70.02,76.99
Icam2,Endogenous,100,85.54,58.58,142.55,26.87,79.98,80.39,92.03,78.42,83.68,67.75,103.69,142.55,104.59,64.81,70.02,58.58
Icam4,Endogenous,0,17,17,17,0,17,17,17,17,17,17,17,17,17,17,17,17
Icos,Endogenous,91.67,29.6,17,40.65,23.83,40.65,17,30.68,25.43,36.82,23.23,23.99,34.72,35.54,35.15,27.77,24.27
Icosl,Endogenous,91.67,28.08,17,73.1,53.05,27.53,17,21.09,22.25,25.66,20.32,22.44,73.1,28.43,18.67,27.77,32.64
Ido1,Endogenous,0,17,17,17,0,17,17,17,17,17,17,17,17,17,17,17,17
Ifi27,Endogenous,100,2214.6,1436.22,3086.87,20.57,2662.97,1830.83,2552.82,1951.92,2257,1436.22,2294.42,2148.25,3086.87,2555.15,1729.99,2068.74
Ifi35,Endogenous,100,533.84,435.82,620.42,10.92,503.49,579.59,594.35,539.37,526.6,504.23,608.23,498,620.42,538.27,435.82,457.77
Ifi44,Endogenous,100,164.66,99.68,236.59,24.12,170.45,181.53,175.43,114.44,166.24,99.68,187.27,177.27,236.59,207.62,125.55,133.9
Ifi44l,Endogenous,0,17,17,17,0,17,17,17,17,17,17,17,17,17,17,17,17
Ifih1,Endogenous,100,429.47,361.35,493.49,10.3,419.57,460.3,449.6,361.35,380.44,395.83,489.06,406.62,493.49,476.76,429.78,390.82
Ifit1,Endogenous,100,132.19,98.72,187.85,17.43,115.38,146.52,146.67,123.98,120.49,98.72,133.87,141.63,187.85,138.41,123.14,109.63
Ifit2,Endogenous,100,85.95,52.26,113.75,21.56,77.36,94.65,94.9,72.06,66.94,52.26,113.75,105.08,103.57,96.67,68.81,85.36
Ifit3,Endogenous,100,367.61,233.24,497.55,18.4,331.72,325.45,426.59,326.38,382.68,233.24,427.93,399.31,497.55,380.09,357.35,323.03
Ifitm1,Endogenous,100,157.75,142.27,191.91,9.84,177.01,147.82,154.34,153.65,161.77,142.27,191.91,142.55,145.2,164.78,167.81,143.94
Ifitm2,Endogenous,100,3417.84,3168.38,3615.61,4.04,3507.36,3359.55,3571.84,3615.61,3429.57,3223.76,3525.59,3334.31,3529.59,3365.85,3382.72,3168.38
Ifna1,Endogenous,0,17,17,17,0,17,17,17,17,17,17,17,17,17,17,17,17
Ifna2,Endogenous,0,17,17,17,0,17,17,17,17,17,17,17,17,17,17,17,17
Ifna4,Endogenous,0,17,17,17,0,17,17,17,17,17,17,17,17,17,17,17,17
Ifnar1,Endogenous,100,418.66,375.12,454.39,6.54,403.84,399.36,454.39,375.12,450.73,408.41,425.61,414.85,432.57,375.69,451.51,431.82
Ifnar2,Endogenous,100,835.76,762.41,933.11,6.91,870.61,762.41,917.41,782.04,870.22,876.83,835.74,785.83,774.76,792.03,828.17,933.11
Ifnb1,Endogenous,0,17,17,17,0,17,17,17,17,17,17,17,17,17,17,17,17
Ifng,Endogenous,0,17,17,17,0,17,17,17,17,17,17,17,17,17,17,17,17
Ifngr1,Endogenous,100,328.8,254.14,401.14,13.82,334.35,254.14,388.24,306.25,346.97,281.63,372.99,401.14,356.41,305.39,310.26,287.88
Ifnl2,Endogenous,0,17,17,17,0,17,17,17,17,17,17,17,17,17,17,17,17
Igf1r,Endogenous,41.67,19.55,17,40.21,33.64,17,17,17,17,18.97,19.36,17.8,40.21,17,17,17,19.25
Igf2r,Endogenous,100,162.41,140.92,183.56,8.27,183.56,167.26,140.92,142,146.15,174.2,171.02,162.65,163.48,157.09,169.02,171.56
Igll1,Endogenous,0,17,17,17,0,17,17,17,17,17,17,17,17,17,17,17,17
Ikbkb,Endogenous,100,419.39,376.02,472.03,6.74,420.88,376.02,430.42,398.44,413.91,443.25,397.75,413.02,421.4,387.78,472.03,457.77
Ikbke,Endogenous,100,170.35,138.82,200.04,10.86,153.41,159.48,185.97,138.82,174.04,166.46,186.49,160.82,200.04,195.54,155.74,167.37
Ikbkg,Endogenous,100,166.23,141.63,191.14,9.33,144.23,176.34,175.43,161.07,160.66,158.72,165.6,141.63,168.56,191.14,190.75,160.68
Ikzf1,Endogenous,50,20.99,17,37.46,29.12,26.22,17,24.92,17,17,17,20.89,37.46,20.31,17,17,20.08
Ikzf2,Endogenous,8.33,17.11,17,18.28,2.15,17,17,17,17,17,17,17,18.28,17,17,17,17
Il10,Endogenous,0,17,17,17,0,17,17,17,17,17,17,17,17,17,17,17,17
Il10ra,Endogenous,100,35.81,22.29,61.22,28.22,22.29,29.82,46.01,28.61,31.24,32.91,37.14,61.22,39.6,37.35,35.01,28.45
Il11,Endogenous,0,17,17,17,0,17,17,17,17,17,17,17,17,17,17,17,17
Il11ra1,Endogenous,8.33,17.56,17,23.76,11.11,17,17,17,17,17,17,17,23.76,17,17,17,17
Il12a,Endogenous,0,17,17,17,0,17,17,17,17,17,17,17,17,17,17,17,17
Il12b,Endogenous,0,17,17,17,0,17,17,17,17,17,17,17,17,17,17,17,17
Il12rb1,Endogenous,0,17,17,17,0,17,17,17,17,17,17,17,17,17,17,17,17
Il12rb2,Endogenous,0,17,17,17,0,17,17,17,17,17,17,17,17,17,17,17,17
Il13,Endogenous,0,17,17,17,0,17,17,17,17,17,17,17,17,17,17,17,17
Il13ra1,Endogenous,100,822,701.29,945.35,9.11,862.74,737.78,809.08,806.41,860.18,827.47,812.53,720.96,945.35,919.46,860.77,701.29
Il13ra2,Endogenous,41.67,20.52,17,27.1,22.43,17,17,17,17,21.2,27.1,27.08,26.5,25.39,17,17,17
Il15,Endogenous,33.33,18.01,17,22.84,10.76,17,17,20.13,17,17,17,17.02,22.84,17,17,17,20.08
Il15ra,Endogenous,100,64.68,45.04,87.85,20.01,87.85,58.35,76.69,50.86,69.17,62.91,81.25,51.17,57.88,45.04,66.4,68.62
Il16,Endogenous,100,30.05,21.29,53.91,29.87,36.71,24.64,23.97,23.31,30.12,21.29,24.76,53.91,34.52,28.56,25.35,33.47
Il17a,Endogenous,0,17,17,17,0,17,17,17,17,17,17,17,17,17,17,17,17
Il17b,Endogenous,0,17,17,17,0,17,17,17,17,17,17,17,17,17,17,17,17
Il17f,Endogenous,0,17,17,17,0,17,17,17,17,17,17,17,17,17,17,17,17
Il17ra,Endogenous,100,153.89,131.59,176.39,9.46,146.85,145.22,176.39,144.12,164,151.95,134.65,163.56,149.27,165.88,131.59,173.23
Il17rb,Endogenous,100,62.82,44.77,88.13,16.8,65.56,64.83,59.43,61.46,65.82,51.29,60.36,44.77,66,69.21,88.13,56.91
Il18,Endogenous,100,290.85,269.05,314.43,4.72,281.9,290.44,314.43,294.59,297.88,269.05,287.09,272.3,284.32,298.8,311.47,287.88
Il18r1,Endogenous,16.67,18.82,17,36.55,29.87,17,17,17,17,17,17,17,36.55,19.29,17,17,17
Il18rap,Endogenous,50,19.37,17,24.27,14.07,17,17,21.09,17,23.43,17,20.12,21.02,17,17,20.52,24.27
Il19,Endogenous,0,17,17,17,0,17,17,17,17,17,17,17,17,17,17,17,17
Il1a,Endogenous,91.67,38.8,17,55.78,27.02,26.22,17,51.77,42.39,55.78,37.74,47.2,36.55,36.56,41.74,35.01,37.66
Il1b,Endogenous,100,55.29,32.49,122.7,48.34,35.4,40.2,122.7,54.04,84.79,71.62,51.07,59.39,32.49,38.45,39.84,33.47
Il1r1,Endogenous,100,203.56,149.5,264.85,14.38,264.85,228.21,197.48,218.29,149.5,218.72,213.58,187.32,175.67,202.13,181.09,205.87
Il1r2,Endogenous,0,17,17,17,0,17,17,17,17,17,17,17,17,17,17,17,17
Il1rap,Endogenous,100,76.36,52.26,97.91,20.41,86.54,95.95,91.07,55.1,58.01,52.26,84.35,74.01,69.05,73.6,78.47,97.91
Il1rapl2,Endogenous,0,17,17,17,0,17,17,17,17,17,17,17,17,17,17,17,17
Il1rl1,Endogenous,0,17,17,17,0,17,17,17,17,17,17,17,17,17,17,17,17
Il1rl2,Endogenous,0,17,17,17,0,17,17,17,17,17,17,17,17,17,17,17,17
Il1rn,Endogenous,100,45.24,20.1,97.79,51.03,79.98,42.79,33.55,31.79,56.9,36.78,21.67,20.1,41.63,47.24,97.79,32.64
Il2,Endogenous,8.33,17.14,17,18.67,2.82,17,17,17,17,17,17,17,17,17,18.67,17,17
Il21,Endogenous,8.33,17.02,17,17.26,0.43,17,17,17.26,17,17,17,17,17,17,17,17,17
Il21r,Endogenous,0,17,17,17,0,17,17,17,17,17,17,17,17,17,17,17,17
Il22,Endogenous,0,17,17,17,0,17,17,17,17,17,17,17,17,17,17,17,17
Il22ra1,Endogenous,100,32.39,21.32,45.04,24.32,31.47,25.93,31.63,34.97,32.35,27.1,41.01,44.77,21.32,45.04,22.94,30.13
Il22ra2,Endogenous,0,17,17,17,0,17,17,17,17,17,17,17,17,17,17,17,17
Il23a,Endogenous,0,17,17,17,0,17,17,17,17,17,17,17,17,17,17,17,17
Il23r,Endogenous,0,17,17,17,0,17,17,17,17,17,17,17,17,17,17,17,17
Il24,Endogenous,0,17,17,17,0,17,17,17,17,17,17,17,17,17,17,17,17
Il25,Endogenous,0,17,17,17,0,17,17,17,17,17,17,17,17,17,17,17,17
Il27,Endogenous,0,17,17,17,0,17,17,17,17,17,17,17,17,17,17,17,17
Il2ra,Endogenous,0,17,17,17,0,17,17,17,17,17,17,17,17,17,17,17,17
Il2rb,Endogenous,91.67,41.69,17,50.53,25.58,40.65,37.6,49.85,26.49,17,39.68,49.53,50.26,40.62,50.53,49.5,48.54
Il2rg,Endogenous,75,22.6,17,37.46,24.95,26.22,17,20.13,22.25,17,17,23.22,37.46,22.34,20.87,21.73,25.94
Il3,Endogenous,0,17,17,17,0,17,17,17,17,17,17,17,17,17,17,17,17
Il34,Endogenous,100,28.97,20.1,38.02,19.13,38.02,31.12,33.55,30.73,34.59,23.23,28.63,20.1,22.34,25.27,26.56,33.47
Il3ra,Endogenous,100,24.11,17.42,32.64,19.68,26.22,28.53,22.05,25.43,21.2,17.42,25.54,29.24,18.28,18.67,24.15,32.64
Il4,Endogenous,0,17,17,17,0,17,17,17,17,17,17,17,17,17,17,17,17
Il4ra,Endogenous,100,96.38,44.35,147.29,29.73,94.4,58.35,99.7,147.29,116.03,98.72,67.32,103.25,99.51,127.43,100.2,44.35
Il5,Endogenous,0,17,17,17,0,17,17,17,17,17,17,17,17,17,17,17,17
Il5ra,Endogenous,0,17,17,17,0,17,17,17,17,17,17,17,17,17,17,17,17
Il6,Endogenous,0,17,17,17,0,17,17,17,17,17,17,17,17,17,17,17,17
Il6ra,Endogenous,100,397.94,288.23,638.54,26.78,638.54,491.42,313.47,288.23,333.59,314.54,370.67,301.54,358.44,393.27,463.58,507.98
Il6st,Endogenous,100,299.72,251.14,333.6,9.75,325.17,287.85,333.6,251.14,267.76,312.6,323.46,328.04,315.79,299.89,299.4,251.9
Il7,Endogenous,0,17,17,17,0,17,17,17,17,17,17,17,17,17,17,17,17
Il7r,Endogenous,58.33,20.55,17,27.23,18.64,22.29,27.23,17,17,20.08,17,19.35,25.59,17,25.27,17,21.76
Il9,Endogenous,0,17,17,17,0,17,17,17,17,17,17,17,17,17,17,17,17
Ilf3,Endogenous,100,61.62,51.14,71.97,10.2,51.14,54.46,55.6,60.4,70.29,61.94,71.97,58.48,64.99,67.01,60.36,62.77
Inpp5d,Endogenous,66.67,20.74,17,29.24,20.3,17,17,26.84,18.01,23.43,17,22.44,29.24,21.32,21.97,17,17.57
Irak1,Endogenous,100,191.56,160.68,229.05,11.23,216.34,190.6,161.05,188.62,187.43,168.4,229.05,206.51,190.9,187.85,211.27,160.68
Irak2,Endogenous,100,173.06,136.15,213.77,12.72,174.38,136.15,213.77,158.95,185.2,172.27,191.91,201.94,153.33,155.99,165.39,167.37
Irak3,Endogenous,33.33,19.05,17,28.33,19.14,17,17,23.97,20.13,17,17,20.12,28.33,17,17,17,17
Irak4,Endogenous,100,144.2,111.27,169.68,11.59,127.18,140.04,169.68,111.27,148.38,144.2,140.84,130.67,138.1,155.99,164.19,159.84
Irf1,Endogenous,100,424.6,310.75,897.27,38.53,310.75,352.68,897.27,395.26,355.9,324.21,528.53,500.74,346.26,324.06,367,392.49
Irf2,Endogenous,100,439.77,398.04,498.49,7.05,444.48,447.34,498.49,398.44,410.57,432.61,423.29,436.78,398.04,477.85,470.83,438.52
Irf3,Endogenous,100,521.18,483.35,547.85,4,531.02,484.94,536.83,547.85,510.98,535.2,544.01,516.27,511.77,483.35,526.36,525.55
Irf4,Endogenous,8.33,17.49,17,22.84,9.65,17,17,17,17,17,17,17,22.84,17,17,17,17
Irf5,Endogenous,100,225.81,176.58,296.22,15.77,238.63,215.24,296.22,207.7,229.83,189.69,248.4,253.11,261.98,183.45,208.85,176.58
Irf7,Endogenous,100,375.92,286.12,462.75,16.6,355.32,331.94,403.58,302.01,445.15,297.12,462.75,364.59,439.68,432.81,286.12,389.98
Irf8,Endogenous,100,65.19,46.68,105.08,24.25,57.69,46.68,71.9,61.46,50.21,49.36,62.68,105.08,77.17,60.42,67.61,71.97
Irgm2,Endogenous,100,349.73,232.27,522.34,28.6,277.97,325.45,490.82,240.55,267.76,232.27,522.34,391.09,440.69,259.25,336.82,411.74
Isg15,Endogenous,100,201.05,127.75,277.03,21.13,166.52,225.61,209.94,175.91,188.55,127.75,277.03,216.56,255.89,229.59,170.22,169.05
Isg20,Endogenous,100,69.07,55.1,106,20.74,64.25,75.2,86.28,55.1,68.06,57.1,63.45,106,67.02,59.32,65.19,61.93
Itch,Endogenous,100,679.76,609.69,827.29,9.88,609.69,667.76,827.29,680.31,634.82,671.66,636.09,616.79,656.97,644.83,726.76,784.14
Itga1,Endogenous,100,368.4,330.65,405.15,5.22,405.15,385.1,354.69,385.72,363.71,363.89,383.82,354.54,364.53,330.65,365.8,363.2
Itga2,Endogenous,16.67,17.7,17,24.15,11.65,17,17,17,17,17,17,17,18.28,17,17,24.15,17
Itga2b,Endogenous,66.67,22.09,17,38.38,28.18,23.6,22.04,28.76,20.13,20.08,17,23.22,38.38,17,20.87,17,17
Itga4,Endogenous,66.67,26.92,17,55.74,41.82,17,17,35.47,17,29.01,17,23.99,55.74,28.43,26.36,21.73,34.31
Itga5,Endogenous,100,73.04,61.94,89.15,12.36,65.56,64.83,89.15,71,66.94,61.94,87.44,74.93,82.25,75.8,68.81,67.79
Itga6,Endogenous,100,61.15,32.64,147.12,47.66,70.8,57.05,56.56,55.1,45.74,51.29,65,147.12,64.99,42.84,44.67,32.64
Itgae,Endogenous,0,17,17,17,0,17,17,17,17,17,17,17,17,17,17,17,17
Itgal,Endogenous,100,113.44,82.65,152.6,21.24,103.58,97.25,150.5,82.65,101.53,95.81,118.4,152.6,125.91,138.41,83.3,111.3
Itgam,Endogenous,33.33,20.94,17,58.48,56.66,17,17,17,17,20.08,18.39,17,58.48,18.28,17,17,17
Itgax,Endogenous,0,17,17,17,0,17,17,17,17,17,17,17,17,17,17,17,17
Itgb1,Endogenous,100,1807.2,1584.21,1952.7,5.81,1797.6,1703.76,1926.84,1584.21,1888.83,1748.82,1846.37,1952.7,1881.57,1812.55,1824.16,1718.93
Itgb2,Endogenous,100,57.48,29.82,111.48,37.53,61.62,29.82,64.23,42.39,40.16,36.78,77.38,111.48,58.89,58.22,54.33,54.4
Itgb3,Endogenous,75,21.17,17,27.53,16.45,27.53,23.34,17,21.19,17,22.26,18.57,23.76,19.29,17,25.35,21.76
Itgb4,Endogenous,8.33,17.49,17,22.84,9.65,17,17,17,17,17,17,17,22.84,17,17,17,17
Itk,Endogenous,0,17,17,17,0,17,17,17,17,17,17,17,17,17,17,17,17
Jak1,Endogenous,100,701.15,629.45,772.43,6.15,696.23,674.24,750.6,629.45,666.06,648.43,718.12,727.35,737.19,677.78,715.9,772.43
Jak2,Endogenous,100,196.99,170.7,250.37,10.97,194.05,176.34,210.9,176.97,170.7,180.01,211.26,250.37,191.91,201.03,202.82,197.5
Jak3,Endogenous,100,37.6,30.97,47.72,14.62,45.89,36.31,33.55,40.27,31.24,30.97,34.05,38.38,47.72,35.15,35.01,42.68
Jam3,Endogenous,91.67,28.99,17,60.31,37.91,17,28.53,25.88,26.49,25.66,27.1,29.41,60.31,21.32,37.35,25.35,23.43
Jun,Endogenous,100,77.16,48.33,130.99,36.12,107.52,49.27,75.73,57.22,66.94,84.2,76.61,116.96,130.99,48.33,62.78,49.38
Kdr,Endogenous,100,393.97,337.24,436.63,7.1,423.51,369.54,428.51,378.3,373.75,406.48,395.43,388.35,436.63,337.24,400.81,389.14
Kit,Endogenous,0,17,17,17,0,17,17,17,17,17,17,17,17,17,17,17,17
Klra1,Endogenous,0,17,17,17,0,17,17,17,17,17,17,17,17,17,17,17,17
Klra15,Endogenous,0,17,17,17,0,17,17,17,17,17,17,17,17,17,17,17,17
Klra17,Endogenous,0,17,17,17,0,17,17,17,17,17,17,17,17,17,17,17,17
Klra2,Endogenous,100,59.15,38.15,85.12,23.88,40.65,55.75,81.48,38.15,63.59,51.29,85.12,60.31,60.93,48.33,63.98,60.25
Klra20,Endogenous,0,17,17,17,0,17,17,17,17,17,17,17,17,17,17,17,17
Klra21,Endogenous,0,17,17,17,0,17,17,17,17,17,17,17,17,17,17,17,17
Klra27,Endogenous,0,17,17,17,0,17,17,17,17,17,17,17,17,17,17,17,17
Klra3,Endogenous,0,17,17,17,0,17,17,17,17,17,17,17,17,17,17,17,17
Klra4,Endogenous,0,17,17,17,0,17,17,17,17,17,17,17,17,17,17,17,17
Klra5,Endogenous,0,17,17,17,0,17,17,17,17,17,17,17,17,17,17,17,17
Klra6,Endogenous,0,17,17,17,0,17,17,17,17,17,17,17,17,17,17,17,17
Klra7,Endogenous,0,17,17,17,0,17,17,17,17,17,17,17,17,17,17,17,17
Klrb1,Endogenous,0,17,17,17,0,17,17,17,17,17,17,17,17,17,17,17,17
Klrb1c,Endogenous,50,18.28,17,21.29,9.39,17,17,17,18.01,17,21.29,20.89,20.1,17.26,19.77,17,17
Klrc1,Endogenous,8.33,17.03,17,17.36,0.61,17,17,17,17,17,17,17,17.36,17,17,17,17
Klrc2,Endogenous,0,17,17,17,0,17,17,17,17,17,17,17,17,17,17,17,17
Klrd1,Endogenous,66.67,19.5,17,27.41,16.64,23.6,17,19.17,17,21.2,17,17.8,27.41,17,18.67,20.52,17.57
Klrg1,Endogenous,0,17,17,17,0,17,17,17,17,17,17,17,17,17,17,17,17
Klrk1,Endogenous,91.67,33.04,17,44.77,22.7,24.91,17,36.43,25.43,34.59,37.74,37.14,44.77,39.6,34.05,31.39,33.47
Lag3,Endogenous,41.67,19.52,17,27.62,19.67,17,17,22.05,18.01,25.66,17,17,21.93,17,17,17,27.62
Lamp1,Endogenous,100,7026.41,6547.09,7689.14,4.33,7122.23,7115.87,7689.14,7180.35,6933.9,7130.78,6802,6547.09,6948.5,6640.52,6911.51,7294.97
Lamp2,Endogenous,100,9583.93,8374.61,10315.78,5.22,9787.82,9658.55,10315.78,9559.32,9829.06,10076.78,9487.97,8374.61,9061.58,9548.29,9891,9416.43
Lamp3,Endogenous,0,17,17,17,0,17,17,17,17,17,17,17,17,17,17,17,17
Lbp,Endogenous,100,1139.25,849.15,1330.83,12.26,1330.83,1030.82,1288.39,1084.05,998.53,1185.56,1139.86,1065.44,1224.59,849.15,1197.59,1276.22
Lck,Endogenous,8.33,17.26,17,20.1,5.19,17,17,17,17,17,17,17,20.1,17,17,17,17
Lcn2,Endogenous,100,492.08,218.6,871.92,34.49,871.92,403.25,693.09,423.87,474.16,384.22,486.74,430.38,528.02,218.6,613.28,377.43
Lcp1,Endogenous,100,864.15,737.53,1021.58,9.74,826.03,832.43,973.96,737.53,753.08,811.02,867.47,1021.58,875.29,854.64,948.9,867.83
Lgals3,Endogenous,100,138.57,101.53,224.78,26.41,133.74,115.4,179.26,105.97,101.53,108.39,169.47,224.78,124.9,136.22,115.9,147.29
Lif,Endogenous,0,17,17,17,0,17,17,17,17,17,17,17,17,17,17,17,17
Lilra5,Endogenous,100,85.78,68.62,118.87,18.99,69.49,71.31,118.87,73.12,101.53,76.46,92.86,74.01,97.48,101.06,84.51,68.62
Litaf,Endogenous,100,364.02,315.27,438.23,9.48,327.79,335.83,378.66,335.92,367.06,394.86,382.27,360.02,385.86,315.27,438.23,346.46
Lrp1,Endogenous,100,2779.31,2331.91,3249.92,10.82,2708.86,2479.14,2988.04,2739.26,2557.12,2604.36,3152.6,2331.91,3098.04,2492.53,3249.92,2949.96
Lrrn3,Endogenous,33.33,17.62,17,20.08,6.19,17,17,17,17,17,17.42,17,17,19.29,18.67,17,20.08
Lta,Endogenous,0,17,17,17,0,17,17,17,17,17,17,17,17,17,17,17,17
Ltb,Endogenous,50,25.98,17,98.69,89.29,17,17,28.76,18.01,17,18.39,22.44,98.69,17,17,17,23.43
Ltbr,Endogenous,100,558.77,508.05,617.19,6.55,574.29,617.19,596.27,533.02,555.6,613.59,565.67,508.05,564.57,527.29,529.98,519.69
Ltf,Endogenous,0,17,17,17,0,17,17,17,17,17,17,17,17,17,17,17,17
Ltk,Endogenous,0,17,17,17,0,17,17,17,17,17,17,17,17,17,17,17,17
Ly86,Endogenous,100,171.05,129.28,243.06,21.57,144.23,141.33,223.36,129.28,176.28,156.78,194.23,243.06,193.94,176.86,137.63,135.57
Ly9,Endogenous,83.33,25.34,17,38.69,25.32,22.29,17,20.13,32.85,17,22.26,38.69,26.5,28.43,23.07,26.56,29.29
Ly96,Endogenous,100,172.32,153.41,198.01,8.12,153.41,164.67,177.35,154.71,186.32,182.92,184.95,165.39,198.01,171.37,171.43,157.33
Lyn,Endogenous,100,283.22,240.24,317.07,8.77,298.94,260.62,315.39,271.28,268.88,257.44,309.53,317.07,297.52,274.63,240.24,287.05
Lyve1,Endogenous,100,96.29,60,134.32,23.36,107.52,79.09,72.86,91.13,99.29,60,81.25,134.32,102.56,83.49,126.76,117.16
Lyz2,Endogenous,100,1670.65,1201.74,3274,34.77,1658.62,1261.61,2203.88,1405.13,1757.18,1205.88,1718.68,3274,1577.96,1459.93,1323.15,1201.74
Maf,Endogenous,100,62.71,53.76,75.73,9.76,53.76,64.83,75.73,64.64,62.48,62.91,69.65,63.05,62.96,54.93,61.57,56.07
Map2k1,Endogenous,100,454.03,408.45,520.79,8.37,477.26,501.79,473.56,410.09,418.38,418.09,520.79,408.45,423.43,473.46,472.03,451.07
Map2k2,Endogenous,100,1039.53,929.34,1131.36,5.74,1039.75,1060.64,1104.34,1008.81,1048.73,1131.36,1105.81,981.38,1004.25,929.34,1073.25,986.67
Map2k4,Endogenous,100,326.81,290.01,357.35,6.08,319.92,334.53,332.64,309.42,348.09,325.18,320.37,301.54,346.26,290.01,357.35,336.42
Map3k1,Endogenous,100,98.05,73.91,120.62,15.55,81.29,73.91,99.7,83.71,99.29,100.65,115.3,120.62,100.53,106.56,114.69,80.34
Map3k5,Endogenous,100,239.91,213.68,270.99,8.67,258.3,239.88,239.66,260.68,214.21,270.99,256.14,226.61,215.27,224.1,213.68,259.43
Map3k7,Endogenous,100,212.16,191.9,230.69,6.92,217.65,191.9,204.19,194.98,198.59,224.53,208.16,227.53,195.98,230.69,225.76,225.95
Map4k2,Endogenous,100,53.88,41.74,68.87,16.1,41.96,42.79,62.31,57.22,51.32,59.04,68.87,60.31,53.82,41.74,49.5,57.74
Mapk1,Endogenous,100,794.35,734.66,859.66,4.77,819.48,859.66,817.71,747.07,786.55,751.02,800.14,734.66,821.47,804.11,824.55,765.73
Mapk11,Endogenous,0,17,17,17,0,17,17,17,17,17,17,17,17,17,17,17,17
Mapk14,Endogenous,100,701.42,643.83,832.09,7.7,705.41,680.73,832.09,690.91,672.75,655.2,643.83,674.35,695.56,663.5,773.85,728.91
Mapk3,Endogenous,100,300.98,247.17,385.48,12.19,385.48,306,295.26,313.66,286.73,259.37,289.41,281.44,312.75,247.17,344.07,290.39
Mapk8,Endogenous,100,174.98,148.49,191.89,8.17,190.12,162.08,159.13,166.37,188.55,177.11,190.36,191.89,183.79,170.27,148.49,171.56
Mapkapk2,Endogenous,100,352.54,300.82,414.14,11.35,315.99,300.82,334.56,331.68,325.78,371.64,397.75,406.62,324.93,414.14,319.92,386.63
Marco,Endogenous,100,147.15,72.06,261.7,34.07,178.32,134.85,261.7,72.06,94.83,130.65,160.96,203.77,136.07,134.02,114.69,143.94
Masp1,Endogenous,100,724.26,618.62,785.93,6.36,708.03,711.85,775.53,688.79,733,707.46,760.68,618.62,785.93,764.57,700.21,736.44
Masp2,Endogenous,100,1525.63,1254.59,1646.73,7.1,1617.97,1483.34,1586.53,1539.71,1646.73,1503,1487.31,1254.59,1477.43,1467.62,1638.24,1605.11
Mavs,Endogenous,100,421.99,346.47,501.28,12.35,424.82,443.45,500.4,413.27,350.32,346.47,420.97,370.99,425.46,393.27,473.24,501.28
Mbl2,Endogenous,100,9532.24,7720.36,10684.22,10.05,10543.05,9967.15,8788.69,8066.24,9859.19,9575.46,9194.69,7720.36,10684.22,9939.36,10617.77,9430.66
Mcam,Endogenous,100,70.14,52.72,106.91,20.05,68.18,79.09,52.72,74.18,55.78,63.88,67.32,106.91,71.08,73.6,71.23,57.74
Mef2c,Endogenous,100,60,26.13,370.99,163.38,34.09,27.23,30.68,31.79,33.47,26.13,30.18,370.99,33.51,27.46,32.6,41.84
Mefv,Endogenous,0,17,17,17,0,17,17,17,17,17,17,17,17,17,17,17,17
Mertk,Endogenous,100,175.84,143.46,207.16,11.57,207.16,163.37,195.56,161.07,190.78,172.27,187.27,143.46,187.85,149.4,159.36,192.48
Mfge8,Endogenous,75,25.16,17,47.52,34.62,31.47,28.53,17,22.25,23.43,23.23,17,47.52,17,23.07,31.39,20.08
Mif,Endogenous,100,1398.59,1243.46,1638.24,10.27,1355.74,1243.46,1355.5,1410.43,1515.08,1278.47,1576.3,1250.02,1286.53,1287.46,1638.24,1585.86
Mill2,Endogenous,91.67,24.53,17,41.12,26.23,23.6,29.82,17,19.07,21.2,25.16,21.67,41.12,24.37,26.36,26.56,18.41
Mme,Endogenous,100,185.02,119.82,275.04,23.69,166.52,178.93,228.15,158.95,147.27,220.66,219.77,275.04,119.82,160.38,149.7,194.99
Mmp9,Endogenous,25,18.37,17,27.41,16.93,17,17,21.09,17,18.97,17,17,27.41,17,17,17,17
Mnx1,Endogenous,0,17,17,17,0,17,17,17,17,17,17,17,17,17,17,17,17
Mpo,Endogenous,0,17,17,17,0,17,17,17,17,17,17,17,17,17,17,17,17
Mpped1,Endogenous,0,17,17,17,0,17,17,17,17,17,17,17,17,17,17,17,17
Mr1,Endogenous,100,81.96,50.33,99.84,17.44,95.71,99.84,84.36,80.54,98.18,50.33,86.67,94.12,75.14,71.4,73.64,73.64
Mrc1,Endogenous,100,357.37,302.01,413.17,8.88,384.17,331.94,413.17,302.01,352.55,336.8,349,333.52,396.01,368,340.44,380.77
Ms4a1,Endogenous,41.67,39.77,17,275.04,186.35,17,17,21.09,17,17,18.39,22.44,275.04,21.32,17,17,17
Ms4a2,Endogenous,0,17,17,17,0,17,17,17,17,17,17,17,17,17,17,17,17
Msln,Endogenous,83.33,62.67,17,345.4,144.35,48.51,32.42,17,31.79,65.82,22.26,43.33,345.4,62.96,17,36.22,29.29
Msr1,Endogenous,100,189.43,151.7,260.96,16.31,179.63,151.7,218.57,194.98,187.43,160.66,222.09,180.01,260.96,181.25,170.22,165.7
Mst1r,Endogenous,0,17,17,17,0,17,17,17,17,17,17,17,17,17,17,17,17
Muc1,Endogenous,41.67,69.05,17,527.09,213.2,527.09,17,26.84,17,17,17.42,119.94,18.28,17,17,17,17
Mx1,Endogenous,0,17,17,17,0,17,17,17,17,17,17,17,17,17,17,17,17
Mx2,Endogenous,91.67,26.54,17,37.42,29.98,22.29,23.34,33.55,22.25,36.82,18.39,29.41,17.36,23.35,37.35,37.42,17
Myc,Endogenous,100,90.91,42.79,378.66,101.88,77.36,42.79,378.66,49.8,80.33,48.39,70.42,80.41,107.63,52.73,55.53,46.86
Myd88,Endogenous,100,95.69,74.18,113.23,14.34,104.89,110.21,112.16,74.18,79.21,113.23,78.93,84.07,100.53,94.47,100.2,96.24
Ncam1,Endogenous,8.33,17.33,17,21.02,6.69,17,17,17,17,17,17,17,21.02,17,17,17,17
Ncf4,Endogenous,100,42.48,31.12,78.58,30.94,41.96,31.12,54.64,32.85,35.7,33.87,41.01,78.58,37.57,35.15,47.08,40.17
Ncr1,Endogenous,8.33,17.02,17,17.26,0.43,17,17,17.26,17,17,17,17,17,17,17,17,17
Nefl,Endogenous,0,17,17,17,0,17,17,17,17,17,17,17,17,17,17,17,17
Nfatc1,Endogenous,100,42.85,37.35,51.17,10.76,44.58,37.6,46.01,44.51,39.05,40.65,49.53,51.17,42.65,37.35,43.46,37.66
Nfatc2,Endogenous,0,17,17,17,0,17,17,17,17,17,17,17,17,17,17,17,17
Nfatc3,Endogenous,100,102.41,82.98,121.86,12.56,93.09,82.98,96.82,121.86,89.25,101.62,119.94,100.51,95.45,95.57,117.1,114.65
Nfatc4,Endogenous,33.33,18.87,17,25.59,16.93,17,23.34,17,17,17,17,23.22,25.59,18.28,17,17,17
Nfkb1,Endogenous,100,167.77,138.34,201.03,12.67,195.36,167.26,175.43,180.14,138.34,166.46,147.03,201.03,166.53,141.71,188.33,145.61
Nfkb2,Endogenous,100,69.29,51.29,115.13,25.09,77.36,53.16,70.94,52.98,80.33,51.29,69.65,115.13,71.08,57.12,68.81,63.6
Nfkbia,Endogenous,100,114.71,79.57,150.12,23.3,137.67,84.28,79.57,82.65,137.23,112.27,150.12,111.48,83.26,142.81,138.83,116.32
Nlrc5,Endogenous,100,90.6,64.83,118.87,20.04,74.74,64.83,118.87,78.42,79.21,68.71,108.34,113.31,99.51,82.39,102.62,96.24
Nlrp3,Endogenous,25,17.77,17,20.87,8.11,17,17,20.13,17,17,17,17,17,19.29,20.87,17,17
Nod1,Endogenous,100,69.81,46.68,84.77,15.24,62.94,46.68,72.86,84.77,71.4,65.81,74.29,84.07,80.22,63.71,63.98,66.95
Nod2,Endogenous,0,17,17,17,0,17,17,17,17,17,17,17,17,17,17,17,17
Nos2,Endogenous,0,17,17,17,0,17,17,17,17,17,17,17,17,17,17,17,17
Notch1,Endogenous,100,97.02,70.3,117.91,15.12,83.91,89.47,117.91,112.33,117.15,90.01,101.37,97.77,94.43,70.3,83.3,106.28
Nrp1,Endogenous,100,1110.81,686.93,1296.17,14.74,1168.25,982.84,1066.95,1021.53,1120.13,1180.72,1296.17,1266.47,1121.02,1244.62,686.93,1174.13
Nt5e,Endogenous,100,464.6,378.3,596.58,13.38,596.58,482.34,397.83,424.93,543.33,430.67,443.41,378.3,516.85,460.28,437.02,463.62
Nup107,Endogenous,100,66.11,51.92,85.89,13.87,73.43,60.94,66.15,51.92,78.1,60,63.45,85.89,58.89,67.01,63.98,63.6
Oas2,Endogenous,100,35.72,27.89,47.2,17.87,43.27,35.01,39.3,29.67,27.89,30.97,47.2,35.64,32.49,43.94,28.97,34.31
Oas3,Endogenous,0,17,17,17,0,17,17,17,17,17,17,17,17,17,17,17,17
Oasl1,Endogenous,100,82.22,62.52,103.57,16.96,86.54,77.8,97.78,62.52,88.14,67.75,96.73,70.36,103.57,84.59,88.13,62.77
Osm,Endogenous,0,17,17,17,0,17,17,17,17,17,17,17,17,17,17,17,17
Pax5,Endogenous,8.33,17.56,17,23.76,11.11,17,17,17,17,17,17,17,23.76,17,17,17,17
Pdcd1,Endogenous,0,17,17,17,0,17,17,17,17,17,17,17,17,17,17,17,17
Pdcd1lg2,Endogenous,0,17,17,17,0,17,17,17,17,17,17,17,17,17,17,17,17
Pdgfc,Endogenous,100,124.26,94.65,166.37,18.6,95.71,94.65,135.17,156.83,117.15,111.3,166.37,136.15,126.93,138.41,108.65,103.77
Pdgfrb,Endogenous,83.33,24.82,17,36.55,24.97,24.91,17,17,26.49,20.08,18.39,29.41,36.55,28.43,20.87,27.77,30.96
Pecam1,Endogenous,100,241.22,194.37,428.55,25.8,255.68,210.05,220.48,228.89,243.22,214.85,260.78,428.55,214.25,210.91,194.37,212.56
Pik3cd,Endogenous,100,47.6,26.78,62.31,22.57,47.2,38.9,62.31,40.27,26.78,43.55,59.59,62.14,45.69,50.53,39.84,54.4
Pik3cg,Endogenous,91.67,23.38,17,30.16,17.01,30.16,22.04,22.05,20.13,24.54,17,26.31,21.02,27.42,18.67,27.77,23.43
Pin1,Endogenous,0,17,17,17,0,17,17,17,17,17,17,17,17,17,17,17,17
Pla2g1b,Endogenous,8.33,44.8,17,350.55,214.95,17,17,17,17,17,17,350.55,17,17,17,17,17
Pla2g6,Endogenous,100,222.24,177.7,267.48,12.23,267.48,188.01,202.27,200.28,249.91,219.69,242.98,241.23,177.7,209.82,239.04,228.46
Plau,Endogenous,83.33,25.32,17,37.35,26.48,27.53,22.04,17,23.31,32.35,17,18.57,33.81,23.35,37.35,28.97,22.6
Plaur,Endogenous,50,23,17,53.91,47.67,34.09,17,18.21,17,23.43,17,20.89,53.91,17,17,17,23.43
Pmch,Endogenous,0,17,17,17,0,17,17,17,17,17,17,17,17,17,17,17,17
Pml,Endogenous,100,262.68,231.01,295.14,9.71,233.39,263.21,283.75,231.01,284.5,239.05,288.64,295.14,294.47,251.56,233,254.41
Pnma1,Endogenous,0,17,17,17,0,17,17,17,17,17,17,17,17,17,17,17,17
Pou2af1,Endogenous,0,17,17,17,0,17,17,17,17,17,17,17,17,17,17,17,17
Pou2f2,Endogenous,0,17,17,17,0,17,17,17,17,17,17,17,17,17,17,17,17
Pparg,Endogenous,100,42.76,31.63,62.77,19.11,47.2,47.98,31.63,43.45,40.16,32.91,39.47,44.77,42.65,43.94,36.22,62.77
Ppbp,Endogenous,66.67,38.25,17,168.13,111.5,48.51,17,27.8,23.31,31.24,17,51.85,168.13,19.29,20.87,17,17
Prdm1,Endogenous,0,17,17,17,0,17,17,17,17,17,17,17,17,17,17,17,17
Prf1,Endogenous,0,17,17,17,0,17,17,17,17,17,17,17,17,17,17,17,17
Prg2,Endogenous,0,17,17,17,0,17,17,17,17,17,17,17,17,17,17,17,17
Prkcd,Endogenous,100,118.62,102.43,170.87,16.93,112.76,102.43,138.04,103.85,111.57,105.49,114.53,170.87,103.57,105.46,124.35,130.55
Prkce,Endogenous,100,83.13,66.76,101.54,15.03,98.34,101.14,77.65,66.76,79.21,72.59,78.93,80.41,101.54,79.09,94.17,67.79
Psen1,Endogenous,100,326.89,293.53,361.88,6.84,361.88,355.27,325.93,293.53,314.62,337.76,356.74,317.99,331.03,306.49,301.81,319.68
Psen2,Endogenous,100,314.79,284.53,376.66,7.58,330.41,324.16,310.59,311.54,299,284.53,315.72,285.09,313.76,316.37,376.66,309.64
Psma2,Endogenous,100,1598.12,1415.98,1715.92,5.54,1607.48,1642.82,1707.31,1495.2,1676.85,1715.92,1583.26,1568.93,1625.68,1618.11,1519.93,1415.98
Psmb10,Endogenous,100,225.7,180.01,297.15,12.75,229.45,213.94,231.03,220.41,204.17,180.01,297.15,235.75,250.81,204.32,222.13,219.26
Psmb7,Endogenous,100,1231.22,1137.63,1374.51,5.45,1211.51,1291.44,1263.47,1169.88,1374.51,1233.95,1205.63,1137.63,1273.33,1265.49,1198.8,1149.02
Psmb8,Endogenous,100,624.42,457.55,788.98,18.09,553.31,582.18,778.4,569.05,579.03,503.26,783.12,712.73,788.98,592.1,457.55,593.34
Psmb9,Endogenous,100,191.26,108.39,290.96,26.14,158.65,167.26,232.95,189.68,149.5,108.39,290.96,232.09,244.72,170.27,169.02,181.6
Psmd7,Endogenous,100,921.06,861.68,997.93,4.48,890.28,915.42,997.93,918.74,901.46,901.99,966.52,861.68,937.23,957.9,941.66,861.97
Ptgdr2,Endogenous,0,17,17,17,0,17,17,17,17,17,17,17,17,17,17,17,17
Ptgs2,Endogenous,0,17,17,17,0,17,17,17,17,17,17,17,17,17,17,17,17
Ptprc,Endogenous,100,86.59,46.63,177.27,39.45,78.67,50.57,106.41,46.63,63.59,69.68,105.24,177.27,86.31,91.18,85.71,77.83
Pvr,Endogenous,100,65.16,49.85,78.47,14.4,69.49,58.35,49.85,51.92,61.36,76.46,69.65,63.96,57.88,72.5,78.47,71.97
Pvrl2,Endogenous,100,221.61,190.04,275.34,10.18,275.34,210.05,217.61,227.83,210.86,201.3,244.53,222.96,232.53,190.04,202.82,223.44
Pycard,Endogenous,0,17,17,17,0,17,17,17,17,17,17,17,17,17,17,17,17
Raet1,Endogenous,100,469.42,278.96,726.4,32.31,658.2,342.31,278.96,557.39,660.48,351.31,369.89,300.63,428.51,495.43,463.58,726.4
Rag1,Endogenous,0,17,17,17,0,17,17,17,17,17,17,17,17,17,17,17,17
Rel,Endogenous,100,56.06,35.4,79.7,22.4,35.4,53.16,67.1,58.28,37.93,60,79.7,67.62,52.8,60.42,45.88,54.4
Rela,Endogenous,100,200.76,165.31,230.76,8.95,230.76,203.57,204.19,165.31,186.32,192.59,220.54,212.91,201.05,212.01,179.88,200.01
Relb,Endogenous,91.67,26.25,17,53,37.09,32.78,23.34,23.01,20.13,30.12,18.39,28.63,53,17,26.36,22.94,19.25
Reps1,Endogenous,100,122.99,101.73,133.06,7.54,123.25,119.29,129.41,101.73,130.53,108.39,126.13,127.01,124.9,123.03,129.18,133.06
Ripk2,Endogenous,100,54.22,39.6,75.2,17.93,51.14,75.2,70.94,51.92,53.55,56.13,50.3,52.08,39.6,51.63,47.08,51.05
Rora,Endogenous,100,578.67,498.91,708.66,10,592.65,506.98,602.98,522.42,550.03,581.65,602.82,498.91,620.42,604.18,708.66,552.33
Rorc,Endogenous,100,508.33,434.54,625.89,11.82,507.42,449.93,538.75,592.36,625.89,434.54,458.88,485.21,459.98,500.92,482.9,563.21
Rps6,Endogenous,100,148.6,112.98,175.05,13.2,141.61,133.55,131.33,172.73,165.12,166.46,112.98,152.6,139.11,160.38,175.05,132.23
Rrad,Endogenous,8.33,17.79,17,26.5,15.41,17,17,17,17,17,17,17,26.5,17,17,17,17
Rsad2,Endogenous,100,94.19,70.65,118.8,16.14,98.34,85.58,105.45,87.95,71.4,70.65,117.62,91.38,118.8,96.67,97.79,88.71
Runx1,Endogenous,66.67,23.06,17,47.52,38.22,28.85,17,28.76,17,18.97,21.29,22.44,47.52,18.28,17,17,22.6
Runx3,Endogenous,0,17,17,17,0,17,17,17,17,17,17,17,17,17,17,17,17
S100a8,Endogenous,100,55.04,23.34,130.67,56.28,66.87,23.34,89.15,37.09,44.63,35.81,76.61,130.67,38.59,34.05,51.91,31.8
S100b,Endogenous,0,17,17,17,0,17,17,17,17,17,17,17,17,17,17,17,17
Saa1,Endogenous,100,67.55,33.87,116.95,39.06,52.45,57.05,116.95,48.75,43.51,33.87,93.63,73.1,54.83,49.43,105.03,82.01
Sbno2,Endogenous,100,73.89,51.86,92.29,15.7,81.29,51.86,92.03,72.06,69.17,77.42,77.38,92.29,61.94,65.91,70.02,75.32
Sele,Endogenous,0,17,17,17,0,17,17,17,17,17,17,17,17,17,17,17,17
Sell,Endogenous,91.67,58.42,17,234.84,97.93,34.09,17,57.52,28.61,45.74,27.1,62.68,234.84,51.79,41.74,44.67,55.23
Selplg,Endogenous,100,59.21,35.01,131.58,42.98,59,35.01,70.94,39.21,47.97,41.62,54.94,131.58,67.02,59.32,60.36,43.52
Serpinb2,Endogenous,0,17,17,17,0,17,17,17,17,17,17,17,17,17,17,17,17
Serping1,Endogenous,100,4979.45,4508.03,5863.34,8.27,4787.05,4636.73,5230.26,4795.03,4845.36,4508.03,5863.34,4715.91,5429.43,4654.41,5429,4858.85
Sh2b2,Endogenous,33.33,19.89,17,27.62,22.94,17,17,21.09,17,17,17,17,27.41,17,17,26.56,27.62
Sh2d1a,Endogenous,100,54.69,45.66,67.61,14.28,45.89,57.05,46.01,56.16,63.59,51.29,45.66,48.43,50.77,59.32,67.61,64.44
Sh2d1b1,Endogenous,0,17,17,17,0,17,17,17,17,17,17,17,17,17,17,17,17
Sigirr,Endogenous,100,251.83,219.7,283.3,7.67,239.94,260.62,264.58,240.55,235.41,258.4,258.46,225.7,283.3,219.7,271.63,263.61
Siglec1,Endogenous,100,87.35,63.96,111.7,15.43,91.78,86.87,99.7,96.43,89.25,68.71,78.16,63.96,111.7,88.98,77.26,95.4
Slamf1,Endogenous,0,17,17,17,0,17,17,17,17,17,17,17,17,17,17,17,17
Slamf6,Endogenous,0,17,17,17,0,17,17,17,17,17,17,17,17,17,17,17,17
Slamf7,Endogenous,50,20.05,17,32.9,24.4,17,17,19.17,18.01,17,17,20.12,32.9,25.39,23.07,17,17
Slc11a1,Endogenous,100,38.72,21.29,51.91,19.62,38.02,40.2,39.3,36.03,37.93,21.29,49.53,39.29,40.62,36.25,51.91,34.31
Slc7a11,Endogenous,0,17,17,17,0,17,17,17,17,17,17,17,17,17,17,17,17
Smad2,Endogenous,100,48.31,41.28,65.19,14.28,43.27,55.75,44.1,48.75,41.28,44.52,41.79,49.34,50.77,43.94,65.19,51.05
Smad3,Endogenous,100,92.62,68.06,116.05,15.21,83.91,86.87,89.15,97.49,68.06,93.88,103.69,116.05,85.3,94.47,114.69,77.83
Smad4,Endogenous,100,357.35,320.87,388.1,5.92,388.1,326.75,353.73,333.8,364.82,370.67,374.54,372.81,320.87,375.69,354.93,351.48
Smn1,Endogenous,100,133.7,101.53,166.8,13.76,148.16,124.48,166.8,118.68,101.53,134.52,128.46,148.94,156.37,117.54,129.18,129.71
Smpd3,Endogenous,100,38.74,19.36,125.87,77.11,125.87,25.93,33.55,25.43,35.7,19.36,37.14,63.96,25.39,20.87,26.56,25.11
Snai1,Endogenous,0,17,17,17,0,17,17,17,17,17,17,17,17,17,17,17,17
Socs1,Endogenous,8.33,17.34,17,21.09,6.81,17,17,21.09,17,17,17,17,17,17,17,17,17
Socs3,Endogenous,8.33,19.42,17,46.01,43.13,17,17,46.01,17,17,17,17,17,17,17,17,17
Spink5,Endogenous,0,17,17,17,0,17,17,17,17,17,17,17,17,17,17,17,17
Spn,Endogenous,8.33,17.64,17,24.67,12.55,17,17,17,17,17,17,17,24.67,17,17,17,17
Spp1,Endogenous,100,402.47,240.18,641.51,28.62,561.18,403.25,419.88,403.74,452.96,348.41,641.51,328.95,444.75,299.89,284.91,240.18
St6gal1,Endogenous,100,651.18,518.1,791.01,12.45,778.83,601.63,572.3,598.72,791.01,605.85,639.96,518.1,642.76,666.8,708.66,689.58
Stat1,Endogenous,100,634.71,433.58,893,23.67,502.18,570.51,721.85,493.81,504.28,433.58,893,788.57,837.72,623.96,554.13,692.93
Stat2,Endogenous,100,402.56,319.08,450.37,10.45,411.7,387.69,443.84,380.42,319.08,347.44,450.37,435.86,437.64,414.14,368.21,434.33
Stat3,Endogenous,100,841.34,704.68,946.51,8.78,833.9,758.52,768.82,704.68,847.91,946.51,905.39,800.45,899.66,826.08,927.17,877.04
Stat4,Endogenous,8.33,17.03,17,17.36,0.61,17,17,17,17,17,17,17,17.36,17,17,17,17
Stat5b,Endogenous,100,578.48,429.18,681.68,13.25,566.42,429.18,645.16,527.72,681.68,655.2,588.11,548.26,485.37,665.7,600,548.99
Stat6,Endogenous,100,518.38,453.54,570.38,6.65,502.18,556.25,570.38,453.54,512.09,479.06,550.97,537.29,522.94,484.44,516.7,534.76
Syk,Endogenous,100,64.25,40.2,143.46,44.39,61.62,40.2,82.44,45.57,51.32,42.58,51.85,143.46,44.68,62.62,65.19,79.5
Syt17,Endogenous,0,17,17,17,0,17,17,17,17,17,17,17,17,17,17,17,17
Tab1,Endogenous,100,71.64,55.07,91.49,12.97,55.07,64.83,81.48,77.36,91.49,64.84,73.51,73.1,64.99,71.4,68.81,72.81
Tal1,Endogenous,0,17,17,17,0,17,17,17,17,17,17,17,17,17,17,17,17
Tank,Endogenous,100,155.52,107.45,181.84,14.2,152.09,172.45,168.72,181.2,140.57,168.4,163.28,181.84,138.1,158.19,107.45,133.9
Tap1,Endogenous,100,247.59,159.69,362.15,26.06,182.25,215.24,308.68,207.7,206.4,159.69,362.15,326.21,307.67,220.8,206.44,267.8
Tap2,Endogenous,100,63.87,47.42,73.11,14.68,61.62,49.27,67.1,69.94,59.13,47.42,71.97,70.36,73.11,53.83,72.44,70.3
Tapbp,Endogenous,100,500.2,425.83,611.33,11.83,478.57,475.86,507.11,437.65,475.28,425.83,611.33,565.62,571.68,476.76,439.44,537.27
Tbk1,Endogenous,100,134.99,120.84,150.28,6.02,146.85,137.44,129.41,135.64,129.42,128.72,140.06,133.41,150.28,120.84,136.42,131.39
Tbx21,Endogenous,0,17,17,17,0,17,17,17,17,17,17,17,17,17,17,17,17
Tcf7,Endogenous,100,69.81,51.91,92.29,18.31,91.78,66.13,65.19,58.28,76.98,66.78,72.74,92.29,73.11,68.11,51.91,54.4
Tdo2,Endogenous,100,15450.34,11191.73,23904.77,20.8,12845.45,16079.43,17196.8,17086.19,14329.68,16265.89,13280.53,11191.73,13571.05,14531.15,23904.77,15121.36
Tek,Endogenous,100,191.08,157.09,223.87,10.46,203.23,197.09,192.68,168.49,204.17,194.53,196.55,223.87,211.21,157.09,164.19,179.93
Tfe3,Endogenous,100,123.31,102.64,147.8,9.69,119.32,125.77,132.29,127.16,102.64,129.69,147.8,106,123.88,124.13,114.69,126.37
Tfeb,Endogenous,100,52.7,36.82,75.84,21.98,52.45,38.9,48.89,68.88,60.25,50.33,48.75,75.84,50.77,58.22,42.25,36.82
Tfrc,Endogenous,100,308.03,116.03,504.39,41.36,154.72,504.39,467.81,333.8,116.03,277.76,297.93,395.66,438.66,165.88,321.13,222.61
Tgfb1,Endogenous,100,172.88,116.7,246.72,18.19,158.65,116.7,182.14,152.59,177.39,150.01,182.62,246.72,193.94,186.75,171.43,155.66
Tgfb2,Endogenous,8.33,18.17,17,31.07,22.35,17,17,17,17,17,17,17,31.07,17,17,17,17
Tgfb3,Endogenous,16.67,21.48,17,67.62,67.78,17,17,17,17,17,17,20.12,67.62,17,17,17,17
Tgfbr1,Endogenous,100,257.72,216.75,307.99,11.26,300.26,251.54,274.17,250.08,227.6,269.05,307.99,263.16,220.35,270.23,241.45,216.75
Tgfbr2,Endogenous,100,210.07,172.45,349.06,21.81,216.34,172.45,196.52,188.62,207.51,182.92,210.48,349.06,190.9,190.04,199.2,216.75
Thbd,Endogenous,100,97.05,49.8,256.77,54.34,93.09,93.36,70.94,49.8,84.79,88.07,99.82,256.77,108.65,71.4,78.47,69.46
Thbs1,Endogenous,41.67,25.7,17,86.81,76.8,28.85,17,23.01,17,17,17,26.31,86.81,24.37,17,17,17
Thy1,Endogenous,83.33,27.5,17,69.45,51.95,17,17,21.09,28.61,23.43,19.36,35.6,69.45,19.29,27.46,26.56,25.11
Ticam1,Endogenous,100,33.97,22.05,53.56,25.47,43.27,42.79,22.05,29.67,31.24,32.91,27.08,27.41,34.52,32.96,30.18,53.56
Ticam2,Endogenous,8.33,17.26,17,20.1,5.19,17,17,17,17,17,17,17,20.1,17,17,17,17
Tie1,Endogenous,100,143.29,124.85,181.84,10.46,154.72,150.41,131.33,143.06,133.88,124.85,147.03,181.84,144.19,138.41,140.04,129.71
Tigit,Endogenous,0,17,17,17,0,17,17,17,17,17,17,17,17,17,17,17,17
Timd4,Endogenous,100,160.43,126.1,233.9,20.16,129.81,130.96,233.9,126.1,145.04,137.43,169.47,196.46,171.61,179.06,138.83,166.54
Tirap,Endogenous,100,49.71,38.45,65.78,16.84,51.14,41.49,49.85,49.8,52.44,39.68,65.78,51.17,57.88,38.45,41.05,57.74
Tlr1,Endogenous,25,18.16,17,24.67,14.74,17,17,23.01,17,17,17,17,24.67,17.26,17,17,17
Tlr2,Endogenous,100,30.67,21.19,39.84,21.57,32.78,23.34,34.51,21.19,33.47,21.29,34.82,32.9,38.59,31.86,39.84,23.43
Tlr3,Endogenous,100,29.06,19.77,39.47,21.69,31.47,27.23,27.8,37.09,27.89,30,39.47,28.33,23.35,19.77,36.22,20.08
Tlr4,Endogenous,100,42.73,30.73,71.27,27.16,53.76,37.6,53.68,30.73,33.47,31.94,37.92,71.27,42.65,41.74,38.63,39.33
Tlr5,Endogenous,100,28.12,21.09,38.02,17.8,38.02,32.42,21.09,27.55,30.12,22.26,27.08,31.07,32.49,21.97,26.56,26.78
Tlr6,Endogenous,16.67,17.44,17,20.1,6,17,17,19.17,17,17,17,17,20.1,17,17,17,17
Tlr7,Endogenous,83.33,24.29,17,38.35,26.66,28.85,29.82,38.35,17,24.54,17,28.63,18.28,26.4,18.67,20.52,23.43
Tlr8,Endogenous,100,41.53,32.35,60.39,19.61,40.65,37.6,60.39,41.33,32.35,39.68,52.62,43.86,40.62,42.84,33.8,32.64
Tlr9,Endogenous,8.33,17.79,17,26.5,15.41,17,17,17,17,17,17,17,26.5,17,17,17,17
Tmed1,Endogenous,100,158.24,135.57,175.05,7.01,154.72,169.86,149.55,160.01,165.12,160.66,169.47,158.99,147.24,152.69,175.05,135.57
Tmem173,Endogenous,58.33,19.52,17,29.24,19.25,17,17,19.17,17,17,17.42,22.44,29.24,17.26,21.97,21.73,17
Tnf,Endogenous,0,17,17,17,0,17,17,17,17,17,17,17,17,17,17,17,17
Tnfaip3,Endogenous,100,33.3,22.25,52.08,24.82,44.58,24.64,29.72,22.25,32.35,30,33.27,52.08,36.56,35.15,31.39,27.62
Tnfrsf10b,Endogenous,8.33,17.42,17,22.04,8.36,17,22.04,17,17,17,17,17,17,17,17,17,17
Tnfrsf11a,Endogenous,50,20,17,26.84,18.14,24.91,17,26.84,21.19,17,17,22.44,19.19,17,17,17,23.43
Tnfrsf11b,Endogenous,41.67,18.28,17,22.94,11.81,17,17,17,18.01,17,17,20.12,17,17.26,21.97,22.94,17
Tnfrsf12a,Endogenous,100,72.04,53.12,107.82,23.1,78.67,66.13,57.52,74.18,69.17,68.71,95.96,107.82,53.82,79.09,53.12,60.25
Tnfrsf13b,Endogenous,8.33,17.11,17,18.28,2.15,17,17,17,17,17,17,17,18.28,17,17,17,17
Tnfrsf13c,Endogenous,8.33,17.18,17,19.19,3.68,17,17,17,17,17,17,17,19.19,17,17,17,17
Tnfrsf14,Endogenous,100,101.91,73.55,123.04,13.72,102.27,92.06,121.75,91.13,105.99,73.55,123.04,102.34,109.67,110.95,90.54,99.59
Tnfrsf17,Endogenous,0,17,17,17,0,17,17,17,17,17,17,17,17,17,17,17,17
Tnfrsf18,Endogenous,0,17,17,17,0,17,17,17,17,17,17,17,17,17,17,17,17
Tnfrsf1a,Endogenous,100,798.84,734.31,863.6,5.21,773.59,838.92,734.31,815.95,794.36,768.44,863.6,777.61,738.21,845.86,807.65,827.66
Tnfrsf1b,Endogenous,100,207.87,126.07,300.99,26.75,254.37,226.91,140.92,146.24,126.07,207.11,219.77,176.36,178.71,300.99,277.67,239.34
Tnfrsf4,Endogenous,0,17,17,17,0,17,17,17,17,17,17,17,17,17,17,17,17
Tnfrsf8,Endogenous,0,17,17,17,0,17,17,17,17,17,17,17,17,17,17,17,17
Tnfrsf9,Endogenous,0,17,17,17,0,17,17,17,17,17,17,17,17,17,17,17,17
Tnfsf10,Endogenous,100,64.75,45.38,94.43,21.97,49.82,45.38,70.94,76.3,75.87,47.42,64.23,68.53,94.43,64.81,53.12,66.11
Tnfsf11,Endogenous,0,17,17,17,0,17,17,17,17,17,17,17,17,17,17,17,17
Tnfsf12,Endogenous,100,83.22,60.97,99.65,14.97,99.65,73.91,91.07,98.55,79.21,60.97,83.57,84.07,95.45,91.18,72.44,68.62
Tnfsf13,Endogenous,0,17,17,17,0,17,17,17,17,17,17,17,17,17,17,17,17
Tnfsf13b,Endogenous,0,17,17,17,0,17,17,17,17,17,17,17,17,17,17,17,17
Tnfsf14,Endogenous,0,17,17,17,0,17,17,17,17,17,17,17,17,17,17,17,17
Tnfsf15,Endogenous,0,17,17,17,0,17,17,17,17,17,17,17,17,17,17,17,17
Tnfsf18,Endogenous,0,17,17,17,0,17,17,17,17,17,17,17,17,17,17,17,17
Tnfsf4,Endogenous,0,17,17,17,0,17,17,17,17,17,17,17,17,17,17,17,17
Tnfsf8,Endogenous,8.33,17.03,17,17.36,0.61,17,17,17,17,17,17,17,17.36,17,17,17,17
Tollip,Endogenous,100,600.06,553.4,663.37,5.2,576.91,605.52,663.37,590.24,596.88,602.94,619.84,561.96,553.4,577.82,635.01,616.77
Tpsab1,Endogenous,8.33,17.26,17,20.08,5.16,17,17,17,17,20.08,17,17,17,17,17,17,17
Traf2,Endogenous,100,118.09,94.17,145,11.31,121.94,102.43,115.99,122.92,118.26,127.75,112.98,124.27,125.91,145,94.17,105.45
Traf3,Endogenous,100,68.57,56.9,91.38,16.13,76.05,81.69,58.48,57.22,56.9,59.04,70.42,91.38,77.17,67.01,66.4,61.09
Traf6,Endogenous,100,164.03,140.04,191.43,9.55,191.43,165.97,185.01,179.08,157.31,156.78,153.22,148.94,153.33,161.48,140.04,175.74
Trem1,Endogenous,0,17,17,17,0,17,17,17,17,17,17,17,17,17,17,17,17
Trem2,Endogenous,75,20.6,17,26.56,16.84,22.29,23.34,25.88,17,18.97,17,17,18.28,21.32,21.97,26.56,17.57
Trp53,Endogenous,100,75.45,56.56,89.34,13.75,89.16,75.2,56.56,68.88,64.71,65.81,85.9,75.84,74.13,84.59,89.34,75.32
Twist1,Endogenous,8.33,18.02,17,29.24,19.61,17,17,17,17,17,17,17,29.24,17,17,17,17
Txk,Endogenous,0,17,17,17,0,17,17,17,17,17,17,17,17,17,17,17,17
Txnip,Endogenous,100,514.55,328.37,771.59,26.67,690.98,468.08,334.56,400.56,639.28,473.26,508.41,603.08,474.2,482.25,328.37,771.59
Tyk2,Endogenous,100,44.91,33.71,54.67,14.72,40.65,33.71,50.81,38.15,54.67,40.65,51.07,39.29,49.76,43.94,51.91,44.35
Ubc,Endogenous,100,10656.29,8535.07,13716.26,17.53,11279.93,12867.69,9129.96,9365.4,8919.79,8535.07,9128.14,9107.44,11851.95,10864.31,13109.53,13716.26
Ulbp1,Endogenous,0,17,17,17,0,17,17,17,17,17,17,17,17,17,17,17,17
Usp18,Endogenous,100,105.04,72.44,139.51,19.71,102.27,111.51,109.28,89.01,112.68,74.52,112.98,99.6,137.08,139.51,72.44,99.59
Usp9y,Endogenous,0,17,17,17,0,17,17,17,17,17,17,17,17,17,17,17,17
Vcam1,Endogenous,100,56.78,35.7,81.29,22.77,81.29,54.46,56.56,44.51,35.7,42.58,63.45,67.62,63.97,53.83,68.81,48.54
Vegfa,Endogenous,100,520.97,428.42,688.29,14.71,527.09,436.96,688.29,491.69,494.24,479.06,629.9,561.96,551.37,428.42,478.07,484.55
Vegfc,Endogenous,100,78.34,61.94,115.13,17.1,77.36,70.02,76.69,69.94,90.37,61.94,74.29,115.13,80.22,73.6,76.06,74.48
Vhl,Endogenous,100,39.31,28.43,47.08,15.27,43.27,45.38,41.22,46.63,35.7,30.97,37.14,35.64,28.43,38.45,47.08,41.84
Vim,Endogenous,100,199.48,101.62,683.49,78.27,159.96,159.48,113.12,166.37,153.96,101.62,232.92,683.49,183.79,125.23,158.15,155.66
Vwf,Endogenous,100,52.37,27.62,169.96,75.52,53.76,32.42,34.51,42.39,55.78,34.84,75.84,169.96,36.56,28.56,36.22,27.62
Xaf1,Endogenous,100,138.92,90.97,173.57,19,142.92,142.63,130.37,112.33,148.38,90.97,169.47,158.08,163.48,173.57,102.62,132.23
Xbp1,Endogenous,100,1746.44,1399.05,2926.69,23.35,1629.77,1891.77,2926.69,1654.15,1399.05,1849.47,1731.07,1443.74,1813.53,1411.59,1523.55,1682.94
Xcl1,Endogenous,16.67,17.53,17,21.02,7.35,17,17,17,17,17,17,19.35,21.02,17,17,17,17
Xcr1,Endogenous,0,17,17,17,0,17,17,17,17,17,17,17,17,17,17,17,17
Ythdf2,Endogenous,100,292.67,253.26,325.93,9.01,317.3,256.73,325.93,310.48,253.26,285.5,296.38,257.68,305.64,306.49,275.25,321.36
Yy1,Endogenous,100,615.76,511.71,655.58,6.48,655.58,610.71,642.28,624.15,613.62,641.65,641.51,511.71,575.74,611.87,651.92,608.4
Zap70,Endogenous,0,17,17,17,0,17,17,17,17,17,17,17,17,17,17,17,17
Zbp1,Endogenous,100,225.67,145.18,325.78,27.2,221.59,189.31,241.57,145.18,187.43,172.27,325.78,312.51,296.5,219.7,148.49,247.71
Zfp13,Endogenous,33.33,19.27,17,30.73,21.49,17,17,17,30.73,22.31,17,17,17,21.32,20.87,17,17
Abcf1,Housekeeping,100,148.77,128.46,173.79,9.9,138.98,159.48,128.46,173.79,135,138.4,167.15,161.74,144.19,143.91,135.21,159
Alas1,Housekeeping,100,729.53,185.2,1772.92,56.24,982.06,920.6,911.65,776.74,185.2,504.23,527.75,462.36,1772.92,452.59,440.65,817.62
Edc3,Housekeeping,100,72.69,61.13,82.01,9.61,81.29,72.61,76.69,69.94,76.98,77.42,61.13,65.79,72.09,61.52,74.85,82.01
Eef1g,Housekeeping,100,993.62,903.9,1203.42,7.93,1030.57,943.94,981.63,903.9,1032,974.58,992.05,1203.42,1016.43,905.18,992.36,947.33
Eif2b4,Housekeeping,100,197.55,159.36,221.9,10.99,209.79,191.9,208.98,168.49,185.2,217.76,208.94,209.25,218.31,221.9,159.36,170.72
G6pdx,Housekeeping,100,38.31,27.89,65.79,28.47,41.96,29.82,42.18,37.09,27.89,30,49.53,65.79,40.62,32.96,32.6,29.29
Gusb,Housekeeping,100,207.43,178.08,237.83,7.7,208.47,200.98,215.69,197.1,208.63,178.08,213.58,230.27,199.02,194.44,237.83,205.03
Hdac3,Housekeeping,100,262.66,225.19,305.69,8.5,239.94,283.96,263.62,282.93,305.69,243.89,225.19,253.11,247.76,273.53,261.97,270.31
Hprt,Housekeeping,100,1218.68,1147.27,1351.66,5.25,1147.27,1205.86,1351.66,1148.69,1286.37,1241.69,1174.68,1165.04,1165.7,1267.69,1262.78,1206.76
Nubp1,Housekeeping,100,175.83,138.82,202.74,11.16,166.52,194.49,189.81,138.82,176.28,194.53,202.74,163.56,190.9,176.86,149.7,165.7
Oaz1,Housekeeping,100,6052.08,5044.87,6583.14,7.07,6121.82,6057.83,6176.43,6316.72,6448.58,6194.92,6311.39,5044.87,5737.11,5525.53,6583.14,6106.62
Polr1b,Housekeeping,100,62.44,49.43,85.83,15.88,60.31,62.24,74.77,85.83,51.32,56.13,65,58.48,61.94,49.43,65.19,58.58
Polr2a,Housekeeping,100,211.33,163.9,250.08,13.76,163.9,215.24,188.85,250.08,186.32,240.98,189.59,214.73,217.3,247.17,240.24,181.6
Ppia,Housekeeping,100,4938.85,4586.03,5329,4.76,4927.35,5041.27,5329,4660.45,5141.01,4874.83,4905.33,4620.88,4892.28,5078.43,5209.29,4586.03
Rpl19,Housekeeping,100,5862.97,5352.6,6744.23,6.88,6019.54,5572.89,6065.23,5727.54,6744.23,5682.95,6492.46,5675.36,5627.44,5633.18,5762.21,5352.6
Sap130,Housekeeping,100,112.94,96.67,136.41,10.95,123.25,111.51,112.16,121.86,98.18,127.75,114.53,106.91,104.59,96.67,101.41,136.41
Sdha,Housekeeping,100,1620.04,1445.61,1818.51,6.72,1700.58,1598.74,1445.61,1465.53,1611.03,1726.56,1614.99,1624.66,1526.17,1595.04,1713.09,1818.51
Sf3a3,Housekeeping,100,202.37,172.27,235.08,9.3,213.72,189.31,208.02,197.1,189.66,172.27,215.13,192.8,196.99,235.08,231.79,186.62
Tbp,Housekeeping,100,68.46,51.91,87.33,12.26,66.87,70.02,63.27,71,61.36,64.84,68.87,72.19,87.33,73.6,51.91,70.3
Tubb5,Housekeeping,100,250.45,188.85,382.87,22.32,268.79,212.65,188.85,228.89,247.68,205.17,335.84,382.87,229.48,247.17,235.41,222.61
NEG_A,Negative,0,3.58,1,6,49.72,3,4,4,6,6,4,1,6,3,1,2,3
NEG_B,Negative,0,4.58,2,7,35.37,4,7,2,4,5,3,3,4,6,6,4,7
NEG_C,Negative,0,5.67,2,10,44.73,4,3,2,9,8,10,5,5,5,7,7,3
NEG_D,Negative,0,4,1,7,39.89,4,4,7,5,5,5,5,3,4,1,2,3
NEG_E,Negative,0,4.33,1,8,45.45,3,4,5,1,7,8,5,3,4,5,5,2
NEG_F,Negative,0,5.33,2,12,48.19,4,6,6,12,5,3,2,7,3,5,5,6
NEG_G,Negative,0,3.08,1,6,54.37,6,2,1,3,2,4,4,6,1,2,3,3
NEG_H,Negative,0,4.75,1,8,49.27,3,8,4,8,5,4,6,1,4,2,8,4
POS_A,Positive,0,13027.92,10765,16592,11.94,12751,13424,12318,16592,15140,12785,10765,12416,13087,12307,13321,11429
POS_B,Positive,0,4689.75,3819,5741,11.2,4442,4932,4474,5741,5396,4657,3819,4696,4888,4414,4749,4069
POS_C,Positive,0,1252.33,981,1543,12.62,1132,1309,1139,1543,1477,1236,981,1235,1340,1233,1306,1097
POS_D,Positive,0,262.17,222,304,10.96,256,243,238,304,299,258,226,285,298,248,269,222
POS_E,Positive,0,43.58,26,72,28.07,32,36,45,72,57,43,35,26,38,48,49,42
POS_F,Positive,0,21.25,13,30,25.71,28,21,18,16,25,19,15,30,19,13,26,25